open,high,low,close,volume
504.45,504.45,504.45,504.45,1745412
504.5,504.79,504.36,504.45,55257
504.57,504.63,504.41,504.51,13537
504.47,504.6,504.36,504.6,4679
504.45,504.58,504.385,504.47,4776
504.35,504.51,504.33,504.47,5163
504.33,504.44,504.15,504.38,5238
504.28,504.34,504.2,504.32,902
504.072,504.28,504.06,504.27,638
504.37,504.39,503.68,504.06,10243
504.52,504.61,504.36,504.36,1777
504.41,504.52,504.36,504.46,4758
504.7,504.7,504.19,504.415,3695
504.67,504.73,504.62,504.69,2762
504.59,504.71,504.571,504.7,376
504.55,504.73,504.53,504.595,3894
504.58,504.62,504.47,504.57,1712
504.63,504.7,504.53,504.61,2381
504.45,504.64,504.45,504.63,1748678
504.63,504.7,504.49,504.515,2499
504.56,504.65,504.54,504.63,3798
504.7,504.72,504.45,504.56,8661
504.41,504.74,504.41,504.73,6169
504.36,504.54,504.36,504.45,14785
504.1,504.72,504.1,504.385,102612
504.05,504.45,504.0,504.15,8841
504.02,504.1,504.01,504.04,15354
504.05,504.1,504.0,504.04,5812
504.1,519.31,504.0,504.09,2917
504.05,504.1,503.98,504.01,1255
504.05,504.1,503.85,504.05,15961
504.16,504.16,504.0,504.075,7976
504.07,504.2,504.01,504.08,30546
504.12,504.2,504.05,504.09,12035
504.14,504.2,504.12,504.12,6961
504.25,504.45,504.1,504.2,23089
504.37,504.45,504.21,504.24,41628
504.075,504.465,504.06,504.22,138909
503.85,504.45,503.85,504.06,188731
503.715,503.85,503.69,503.82,53177
503.78,504.45,503.61,503.71,43876
503.99,504.0,503.75,503.77,76738
504.03,504.05,503.9,504.0,96710
504.055,514.825,503.99,504.03,43423
504.12,504.561,503.98,504.06,155815
504.13,510.71,504.01,504.11,367607
504.45,504.45,504.11,504.13,1852057
504.17,504.576,504.11,504.175,5519079
504.5,509.269,504.03,504.15,4391665
504.925,505.19,504.45,504.5,4350209
505.14,505.16,504.63,504.925,2346889
504.38,505.26,504.23,505.15,2480330
504.96,505.02,504.28,504.36,1452406
504.84,505.09,504.5,504.965,1149113
504.26,505.269,504.25,504.83,1077264
504.63,504.85,504.18,504.26,1025624
503.67,504.9,503.67,504.62,1103879
504.48,504.71,503.58,503.67,1213951
504.78,504.94,504.41,504.47,1005490
504.45,504.78,504.245,504.76,817149
505.11,505.27,504.43,504.46,1173224
504.5,505.46,504.472,505.14,1119894
504.99,505.07,504.425,504.51,915570
505.53,505.6,504.915,504.97,510025
505.715,506.12,505.42,505.5,629540
505.95,506.49,505.59,505.73,1110064
505.1,506.05,504.94,505.95,929782
504.875,505.61,504.86,505.11,944595
505.34,505.59,504.73,504.872,949125
505.12,505.44,504.81,505.35,1336754
505.59,505.625,504.79,505.13,1382681
505.94,506.23,505.41,505.59,932591
506.371,506.44,505.56,505.95,853212
505.86,506.61,505.69,506.365,914176
505.5,506.05,505.01,505.87,1272137
505.87,506.25,505.32,505.49,1289938
505.85,506.645,505.525,505.88,1618117
506.18,506.85,505.79,505.83,1215587
506.58,506.61,505.56,506.17,2447614
507.89,508.05,506.55,506.57,1393194
508.63,508.69,507.8,507.9,1371572
509.69,509.72,508.59,508.64,991328
510.42,510.43,509.625,509.7,617922
509.97,510.56,509.93,510.41,518468
510.06,510.195,509.59,509.99,477478
509.93,510.19,509.72,510.075,492020
509.77,510.06,509.67,509.93,663170
509.675,510.03,509.51,509.78,811320
509.89,510.24,509.51,509.701,744571
510.205,510.325,509.66,509.88,710114
510.61,510.62,509.994,510.21,696363
510.69,510.844,510.365,510.6,621161
511.68,511.9,510.6,510.7,715069
512.39,512.485,511.64,511.675,478974
512.515,512.61,510.71,512.4,693332
512.59,512.59,512.23,512.53,281586
512.32,512.62,512.165,512.597,370058
512.56,512.6,512.24,512.315,429799
511.72,512.58,511.66,512.552,471095
511.74,512.11,511.655,511.73,433434
511.995,512.289,511.63,511.72,487876
512.12,512.33,511.79,511.995,1092783
511.6,512.19,511.54,512.11,732073
511.04,511.63,510.96,511.58,633523
511.21,511.23,510.81,511.05,782973
511.26,511.34,510.97,511.22,670490
511.08,511.55,511.06,511.27,690877
511.33,511.46,511.04,511.078,489127
511.11,511.47,510.86,511.345,1208236
511.42,511.77,511.07,511.1,562273
512.25,512.28,511.34,511.41,705960
512.08,512.34,511.52,512.235,952976
511.73,512.265,511.595,512.09,1096203
512.24,512.68,511.48,511.72,1262257
512.58,513.01,512.26,512.26,825463
512.67,512.798,512.21,512.57,836820
513.12,513.18,512.28,512.67,847380
512.51,513.45,512.47,513.12,915983
513.06,513.17,511.94,512.5,1753211
514.58,514.635,513.07,513.07,1409666
514.9,515.01,514.44,514.57,872648
514.97,515.04,514.54,514.89,795893
514.7,515.04,514.68,514.96,746407
515.06,515.215,514.29,514.69,1284213
514.7,515.27,514.7,515.045,919873
514.38,514.77,514.19,514.7,1155981
515.13,515.3,514.34,514.4,2977344
515.04,515.33,514.83,515.1,129991
515.04,515.17,515.0,515.04,37460
515.2,515.28,515.01,515.04,48874
514.93,515.214,514.93,515.19,20431
515.04,515.28,514.89,514.89,49133
514.73,515.15,514.73,515.0,75188
514.71,514.925,510.85,514.73,100816
514.5,514.77,510.85,514.73,73936
514.52,514.71,514.37,514.48,67502
514.45,514.84,514.43,514.54,65221
514.3,515.19,514.28,514.46,138605
513.79,514.48,513.0,514.28,265026
513.87,513.98,513.77,513.797,47777
513.671,513.94,513.63,513.88,19181
513.57,513.85,513.52,513.67,45329
513.61,513.66,513.55,513.6,26161
513.48,513.685,512.15,513.58,22990
513.61,513.815,510.85,512.83,67429
513.53,513.62,513.43,513.61,69928
513.56,513.64,513.49,513.49,10923
513.78,513.78,513.53,513.55,7935
513.58,513.85,513.47,513.77,39620
513.35,513.65,513.35,513.58,13648
513.59,513.66,513.27,513.34,79359
513.21,513.78,513.21,513.58,70054
513.2,513.26,513.15,513.2,12853
513.19,513.28,513.1,513.19,11918
513.14,513.27,513.11,513.13,6439
513.04,513.25,512.86,513.16,24041
512.94,513.32,512.38,513.05,131324
513.15,513.16,512.98,512.98,12596
513.13,513.28,513.1,513.18,10216
513.06,513.16,513.05,513.14,6526
513.08,513.09,512.92,512.97,594
513.02,513.12,512.97,513.12,3649
512.89,513.09,512.83,513.05,9310
512.93,513.06,512.87,512.87,2395
513.15,513.21,512.93,512.94,2404
513.28,513.44,513.18,513.21,18578
513.3,513.3,513.15,513.2,619
513.18,513.36,513.18,513.32,1593
513.15,513.2,513.11,513.12,5092
512.98,513.1,512.98,513.05,278
513.11,513.11,512.91,512.98,918
513.28,513.33,513.16,513.27,832
513.09,513.27,513.09,513.27,728
512.84,513.09,512.79,513.09,20988
512.94,512.99,512.8,512.81,34455
512.96,513.06,512.87,512.93,326
513.11,513.15,512.81,512.92,6985
513.28,513.34,513.11,513.12,987
513.7,513.78,513.22,513.22,1522
513.64,513.8,513.62,513.71,2283
513.21,513.62,513.21,513.57,4674
513.6,513.6,513.28,513.33,3176
513.45,513.5,513.25,513.49,2301
513.46,513.56,513.29,513.51,856
513.65,513.65,513.46,513.64,478
513.49,513.71,513.49,513.61,2024
513.39,513.5,513.3,513.5,5324
513.43,513.45,513.16,513.38,3051
513.62,513.69,513.47,513.47,1944
513.53,513.71,513.53,513.66,1077
513.5,513.65,513.43,513.45,5027
513.62,513.79,513.44,513.52,5996
513.63,513.88,512.61,513.62,12370
510.85,510.85,510.85,510.85,1967878
510.17,510.17,509.75,509.98,27368
510.18,510.388,510.1,510.11,7803
510.07,510.388,510.02,510.18,7398
510.175,510.2,510.0,510.04,12240
510.21,510.388,510.1,510.195,3146
510.235,510.388,510.2,510.2,2060
510.25,510.388,510.22,510.25,1572
510.29,510.3,510.22,510.23,7051
510.37,510.39,510.29,510.3,3123
510.3,510.39,510.29,510.37,2491
510.29,510.39,510.29,510.3,958
510.315,510.38,510.25,510.34,601
510.3,510.39,510.3,510.315,516
510.33,510.39,510.3,510.39,1848
510.38,510.38,510.3,510.315,2415
510.33,510.39,510.33,510.355,575
510.39,510.39,510.31,510.355,2542
510.85,510.85,510.31,510.35,1969160
510.42,510.44,510.32,510.33,259
510.41,510.46,510.35,510.35,4118
510.44,510.47,510.41,510.46,1132
510.48,510.48,510.42,510.42,1794
510.42,510.5,510.41,510.445,2415
510.48,510.48,510.42,510.479,2950
510.5,510.55,510.4,510.479,4531
510.55,510.67,510.41,510.41,24278
510.52,510.6,510.52,510.59,1885
510.57,510.63,510.51,510.53,2216
510.57,510.65,510.57,510.63,1443
510.7,510.7,510.57,510.6,6611
510.65,510.7,510.57,510.7,7012
510.7,510.75,510.625,510.65,7095
510.705,510.75,510.65,510.7,8146
510.79,510.82,510.7,510.705,13286
510.82,510.85,510.73,510.77,17037
510.85,510.85,510.68,510.85,12543
510.74,510.77,510.65,510.69,36285
510.87,510.87,483.071,510.77,10498
510.99,510.99,510.84,510.86,20252
510.98,511.01,510.85,511.0,63970
510.92,510.98,510.91,510.97,32306
510.93,510.99,510.89,510.93,82681
510.91,510.97,510.85,510.93,78064
510.89,510.95,510.88,510.905,51117
510.85,511.05,510.85,510.885,102617
510.85,511.05,510.703,511.04,5345519
511.03,511.03,510.5,510.925,745810
510.82,518.745,510.8,511.03,4660169
510.26,510.93,510.12,510.82,5333460
510.73,510.9,509.881,510.26,3140022
510.49,510.87,510.32,510.72,1962595
509.3,510.52,509.3,510.49,1866143
509.91,509.925,509.26,509.29,1107731
509.495,510.16,509.4,509.91,974627
509.855,510.08,509.46,509.505,803032
509.59,509.97,509.51,509.845,811233
509.34,509.82,509.08,509.599,990407
509.56,509.78,509.31,509.32,659813
509.685,509.93,509.33,509.555,776045
509.62,509.797,509.22,509.685,881089
510.17,510.29,509.56,509.625,822145
509.83,510.38,509.81,510.17,545019
509.95,510.17,509.721,509.818,497347
509.835,510.45,509.64,509.945,1043287
510.24,510.42,509.76,509.83,741562
510.68,510.74,510.01,510.25,844521
510.595,510.73,510.29,510.67,841223
510.98,511.19,510.58,510.59,575333
510.86,511.33,510.78,510.988,594423
511.18,511.415,510.79,510.86,840952
510.4,511.4,510.34,511.181,806439
510.49,510.49,509.96,510.41,728583
510.6,510.97,510.46,510.49,613405
510.93,511.25,510.5,510.59,768146
510.31,511.165,510.28,510.905,1174986
509.62,510.53,509.6,510.305,1185558
509.455,509.68,509.335,509.63,660534
509.69,509.695,509.32,509.46,804205
509.82,510.06,509.47,509.7,894638
510.43,510.45,509.75,509.815,1118228
510.56,511.09,510.4,510.44,1339007
510.26,510.72,510.26,510.57,679856
510.43,510.77,510.03,510.28,954198
510.58,510.82,510.18,510.425,1336536
510.79,510.98,510.56,510.57,821113
510.56,511.075,510.56,510.85,1081582
510.69,510.99,510.48,510.56,1386530
510.93,511.07,510.62,510.69,1029424
511.59,511.71,510.57,510.925,1571609
511.8,512.02,511.27,511.59,950149
512.33,512.55,511.76,511.82,956558
511.85,512.493,511.84,512.32,915427
512.64,512.838,511.79,511.85,997226
513.17,513.23,512.64,512.64,611157
513.13,513.53,513.13,513.16,392219
513.43,513.475,512.96,513.13,461269
513.51,513.69,513.32,513.4,429012
513.91,513.99,513.34,513.5,490082
513.54,514.0,513.415,513.91,456839
513.435,513.58,513.14,513.54,488484
513.773,514.03,513.385,513.435,705515
513.53,513.81,513.42,513.78,676187
513.085,513.54,512.97,513.53,581564
513.278,513.42,512.912,513.1,675829
512.73,513.4,512.56,513.27,746846
512.52,512.96,512.39,512.725,685057
512.99,512.99,512.46,512.52,771555
512.31,513.055,512.2,512.985,940572
512.64,512.9,512.235,512.31,846704
512.535,512.7,512.02,512.65,1092499
512.84,512.95,512.46,512.54,733951
512.98,513.11,512.45,512.84,1063836
513.58,513.74,512.752,512.99,1235081
513.81,514.09,513.54,513.572,1510096
514.185,514.27,513.74,513.8,661578
514.31,514.519,514.165,514.19,676318
514.18,514.55,513.56,514.32,2017107
513.96,514.4,513.78,514.19,1125029
514.53,514.75,513.71,513.97,1924672
515.37,515.44,514.28,514.52,2647513
515.015,515.38,514.72,515.34,1167395
515.34,515.675,514.78,515.01,2147023
515.18,515.815,515.04,515.33,1517744
515.14,515.31,514.86,515.165,1005003
514.99,515.24,514.75,515.15,1216229
514.37,515.28,514.08,514.98,2074874
513.84,514.41,513.84,514.41,135957
514.24,514.38,513.78,513.85,93580
514.1,514.44,514.07,514.229,100621
513.88,514.19,513.66,514.16,67709
513.8,514.08,513.55,513.885,92283
514.24,514.25,513.44,513.8,200041
514.79,514.8,514.203,514.28,80871
514.805,514.9,514.57,514.8,60607
514.55,518.0,514.55,514.83,72521
515.72,515.849,514.53,514.6,172004
516.36,516.4,515.66,515.76,78793
516.42,516.47,516.04,516.35,55716
516.25,518.0,516.24,516.46,27559
516.63,516.67,516.24,516.24,16824
516.64,518.0,516.57,516.71,33456
516.66,516.82,516.51,516.61,14572
517.07,518.46,516.65,516.66,26417
516.18,518.75,515.58,518.22,88386
516.73,516.83,516.65,516.82,13604
517.04,517.13,516.65,516.68,13087
516.72,517.08,516.61,517.08,46466
516.6,516.71,516.42,516.69,7661
516.48,516.67,516.47,516.6,16108
516.39,516.57,516.33,516.42,18854
516.1,516.38,516.01,516.38,18879
515.88,516.1,515.85,516.1,19942
515.92,516.04,515.8,515.85,10075
515.719,516.07,515.7,515.91,62075
516.18,516.18,515.68,515.7,18854
515.93,516.25,515.83,516.19,28741
515.89,516.09,515.45,515.84,22286
516.49,516.49,515.42,515.84,36341
517.2,517.2,516.3,516.51,21108
517.25,517.27,517.2,517.2,2131
517.38,517.45,517.25,517.35,2020
517.4,517.4,517.33,517.39,8289
517.44,517.45,517.35,517.4,2639
517.49,517.51,517.33,517.36,8388
517.26,517.49,517.26,517.49,9419
517.22,517.31,517.21,517.26,4182
517.28,517.3,517.1,517.27,2081
517.53,517.53,517.02,517.2,6835
517.58,517.59,517.45,517.45,510
517.46,517.63,517.44,517.59,2774
517.5,517.5,517.28,517.35,2325
517.68,517.68,517.5,517.52,987
517.53,517.68,517.53,517.6,1913
517.455,517.6,517.41,517.55,731
517.61,517.61,517.38,517.43,1285
517.58,517.69,517.52,517.61,434
517.81,517.81,517.55,517.62,1031
517.66,517.85,517.66,517.77,1328
517.85,517.92,517.66,517.66,1085
517.82,517.9,517.76,517.83,2340
518.02,518.1,517.85,517.89,1700
518.12,518.2,518.0,518.12,727
518.0,518.1,517.94,518.08,1289
518.24,518.24,517.97,517.97,998
518.31,518.39,518.24,518.39,710
518.46,518.46,518.31,518.37,1903
518.56,518.6,518.5,518.56,3092
518.41,518.51,518.37,518.5,2295
518.29,518.59,518.29,518.5,2852
518.39,518.42,518.2,518.27,3380
518.44,518.44,518.25,518.43,5548
518.46,518.55,518.25,518.44,4110
518.0,518.0,518.0,518.0,1415192
518.085,518.25,518.085,518.25,10280
518.01,518.13,517.97,518.06,6668
518.29,518.31,517.855,517.995,20588
518.29,518.3,518.23,518.27,1669
518.28,518.35,518.25,518.29,1061
518.3,518.33,518.23,518.28,1040
518.355,518.41,518.3,518.3,738
518.365,518.4,518.35,518.38,128
518.35,518.41,518.33,518.35,2516
518.38,518.4,518.32,518.32,3430
518.36,518.375,518.32,518.375,6489
518.35,518.44,518.33,518.36,4123
518.32,518.35,518.32,518.35,368
518.31,518.35,518.285,518.35,466
518.325,518.355,518.26,518.31,725
518.32,518.33,518.22,518.29,4440
518.315,518.34,518.29,518.31,2568
518.0,518.36,518.0,518.295,1415519
518.38,518.4,518.33,518.399,6735
518.38,518.51,518.36,518.395,4526
518.275,518.36,518.24,518.36,5983
518.25,518.35,518.24,518.25,9127
518.11,518.26,518.11,518.25,9476
518.05,518.1,518.01,518.1,20920
518.055,518.09,518.02,518.035,820
518.07,518.1,518.03,518.055,5325
518.07,518.09,518.05,518.08,1670
518.1,518.1,518.05,518.09,4947
518.05,518.1,518.01,518.09,2035
518.02,518.05,518.0,518.01,12415
518.035,518.1,518.02,518.02,2718
518.01,518.07,518.0,518.035,18126
518.04,518.07,518.01,518.07,550
518.115,518.12,518.0,518.04,10787
518.185,518.2,518.1,518.12,5961
518.13,518.2,518.0,518.18,24266
518.05,518.18,518.04,518.13,5380
518.14,518.165,483.619,518.09,20584
518.13,518.16,518.09,518.11,27575
518.23,518.23,518.11,518.14,12276
518.18,518.28,518.18,518.22,63318
518.24,518.265,518.18,518.215,36477
518.24,518.3,518.2,518.24,28347
518.15,518.31,518.0,518.24,51321
518.12,518.224,518.0,518.135,334240
518.0,518.25,518.0,518.15,4641852
518.01,518.26,518.0,518.23,216846
518.05,518.181,517.81,518.04,5553527
518.61,518.765,517.97,518.05,5306442
518.87,518.87,518.4,518.615,1862999
519.17,519.39,518.83,518.87,1527422
518.935,519.22,518.88,519.17,947945
518.95,518.97,518.815,518.938,510447
518.915,519.0,518.7,518.94,469971
518.87,519.055,518.72,518.91,494541
518.62,519.01,518.545,518.87,340573
518.71,518.91,518.51,518.62,523097
519.01,519.165,518.68,518.7,442208
518.8,519.23,518.79,519.015,436700
518.69,519.01,518.68,518.8,702926
518.74,518.97,518.68,518.689,397273
518.975,519.04,518.54,518.75,860423
519.33,519.38,518.835,518.98,647481
519.42,519.48,519.18,519.34,1264439
519.32,519.465,519.195,519.42,468813
519.07,519.37,518.96,519.33,492205
518.91,519.27,518.88,519.08,557058
518.715,518.93,518.65,518.92,319414
518.71,519.04,518.68,518.72,481674
519.03,519.08,518.66,518.71,706834
518.335,519.27,518.335,519.02,1004035
518.005,518.54,517.92,518.33,779167
517.98,518.13,517.863,518.0,460904
517.94,518.11,517.68,517.98,476528
517.72,517.95,517.53,517.94,565882
517.22,517.8,516.96,517.7,727968
517.57,517.65,517.205,517.21,694434
517.52,517.83,517.52,517.57,670472
517.55,517.91,517.48,517.51,740845
517.48,517.86,517.21,517.545,1252836
516.98,517.52,516.76,517.49,876428
516.55,517.085,516.527,516.97,741414
516.15,516.86,516.04,516.54,1195204
515.3,516.335,514.88,516.16,1099373
515.37,515.52,515.157,515.29,605538
515.58,515.65,515.36,515.375,444229
515.17,515.595,515.13,515.585,443140
515.07,515.35,514.982,515.16,464307
515.15,515.26,514.88,515.04,443768
514.84,515.175,514.73,515.16,369333
515.495,515.5,514.81,514.84,932106
515.29,515.52,515.02,515.49,422601
515.11,515.32,514.95,515.29,380944
514.97,515.16,514.88,515.13,592139
515.125,515.24,514.92,514.97,649287
515.33,515.5,514.92,515.12,1042349
514.49,515.45,514.49,515.34,880639
514.29,514.56,514.27,514.495,472609
513.89,514.49,513.88,514.29,574865
514.11,514.55,513.88,513.9,692716
513.77,514.215,513.69,514.14,403406
513.57,513.97,513.415,513.77,474028
513.799,513.873,513.48,513.57,561265
513.73,514.23,513.7,513.8,458774
513.53,514.12,513.53,513.72,513627
513.31,513.775,513.31,513.52,412463
513.725,513.75,513.2,513.3,519664
513.23,513.92,513.15,513.73,714366
513.58,513.65,513.14,513.22,458277
513.521,513.74,513.33,513.54,430470
513.45,513.82,513.45,513.525,686758
513.39,513.62,513.24,513.44,610247
512.87,513.49,512.79,513.38,564590
512.57,513.4,512.451,512.865,1004451
512.92,512.97,512.35,512.57,659737
512.3,513.01,512.25,512.91,741308
513.08,513.11,512.08,512.31,958154
513.22,513.41,512.68,513.1,978697
513.81,513.95,513.04,513.24,1118092
514.62,514.69,513.59,513.79,995419
514.71,515.01,514.32,514.61,544035
514.55,514.9,514.26,514.71,673884
514.37,514.83,514.23,514.535,878390
514.55,514.99,514.09,514.365,1231154
515.41,515.45,514.5,514.55,787826
515.68,515.87,514.82,515.39,1789511
515.52,515.75,515.33,515.71,121843
515.58,515.68,515.45,515.54,21888
515.7,515.89,515.39,515.53,39695
515.61,516.031,515.59,515.695,141847
515.14,515.73,515.07,515.62,89509
515.07,515.38,514.82,515.1,57620
515.3,515.45,514.791,515.06,63170
515.08,515.4,514.85,515.26,71394
514.33,515.15,514.12,515.07,96059
515.13,515.25,514.22,514.29,107147
514.43,515.34,514.1,515.13,218487
511.99,514.51,511.3,514.4,459232
512.04,514.12,511.74,512.09,51772
512.335,512.48,511.91,512.03,18211
512.27,512.59,512.0,512.32,17368
512.38,512.38,512.12,512.22,27137
512.1,514.12,512.01,512.4,29520
514.467,514.74,511.75,512.18,63844
512.22,512.27,511.98,512.1,33934
512.14,512.3,511.7,512.21,81840
512.52,512.55,512.12,512.14,34841
512.64,512.7,512.4,512.53,14076
512.71,512.75,512.5,512.65,26640
512.8,512.92,512.59,512.74,12682
513.1,513.13,512.81,512.83,24684
512.73,513.14,512.56,513.09,12628
512.96,512.99,512.69,512.7,38266
513.1,513.21,512.85,512.94,21133
513.17,513.17,512.95,513.04,6531
513.27,513.45,513.08,513.15,5689
513.31,513.31,513.14,513.2,4633
513.27,513.31,513.1,513.29,2337
513.29,513.29,513.1,513.22,3479
512.98,513.36,512.98,513.36,2448
513.29,513.35,512.97,512.97,3631
513.22,513.39,513.22,513.3,936
513.02,513.32,513.02,513.3,6569
513.05,513.07,512.89,513.04,1243
513.06,513.09,512.94,513.03,5566
512.99,513.17,512.97,512.97,2811
513.21,513.21,512.88,513.02,2388
513.39,513.4,513.14,513.14,431
513.21,513.3,513.11,513.3,782
513.3,513.32,513.16,513.32,1101
513.49,513.59,513.3,513.3,679
513.49,513.53,513.36,513.46,1595
513.43,513.75,513.42,513.51,2890
513.35,513.54,513.32,513.45,1050
513.22,513.28,513.19,513.28,1693
513.06,513.47,512.97,513.24,2554
513.47,513.59,513.08,513.08,1176
513.27,513.64,513.22,513.55,4220
513.45,513.5,513.24,513.24,2566
513.36,513.45,513.2,513.45,4430
513.64,513.65,513.37,513.37,6146
513.87,513.87,513.55,513.71,2595
514.39,514.39,513.88,513.88,1135
514.2,514.37,514.17,514.32,545
514.2,514.34,514.18,514.18,471
514.32,514.34,514.15,514.28,5656
514.25,514.37,514.19,514.33,657
514.45,514.47,514.25,514.26,585
514.42,514.5,514.27,514.5,919
514.53,514.53,514.36,514.38,971
514.46,514.62,514.41,514.56,649
514.2,514.63,514.2,514.46,7908
514.12,514.12,514.12,514.12,752918
513.23,513.27,513.14,513.22,3935
513.35,513.35,513.18,513.2,2143
513.36,513.41,513.31,513.345,3122
513.29,513.38,513.27,513.35,1218
513.08,513.4,513.08,513.3,8493
513.03,513.1,513.025,513.1,1018
512.98,513.07,512.86,513.04,2323
512.99,513.11,512.96,513.0,3385
513.145,513.17,512.87,513.01,9987
513.26,513.26,513.06,513.145,8437
513.26,513.36,513.24,513.24,5511
513.47,513.5,513.2,513.26,15787
513.48,513.5,513.41,513.495,610
513.57,513.61,513.45,513.46,1074
513.63,513.67,513.54,513.55,462
513.56,513.67,513.56,513.63,743
513.565,513.63,513.53,513.57,428
514.12,514.12,513.465,513.57,754208
513.61,513.69,513.61,513.65,7792
513.46,513.63,513.46,513.6,16672
513.38,513.49,513.38,513.46,10418
513.33,513.43,513.31,513.36,11365
513.42,513.42,513.25,513.369,12515
513.83,513.83,513.36,513.39,32947
513.87,513.89,513.81,513.87,2642
513.855,513.89,513.82,513.88,1054
513.83,513.89,513.781,513.855,8346
513.805,513.83,513.78,513.83,9504
513.82,513.83,513.81,513.81,2349
513.84,513.85,513.81,513.82,4592
513.87,513.87,513.83,513.85,1216
513.88,513.88,513.83,513.85,3112
513.87,513.9,513.83,513.88,194
513.85,513.94,513.8,513.82,27217
513.94,513.94,513.77,513.86,23011
513.97,514.0,513.9,513.94,5681
513.79,514.12,513.75,513.99,311390
513.71,513.83,513.65,513.79,16351
513.6,513.73,513.56,513.73,36671
513.64,513.67,513.56,513.6,31715
513.461,513.65,513.46,513.63,8113
513.57,514.12,513.42,513.5,107238
513.5,513.65,513.48,513.57,112903
513.5,513.54,513.4,513.51,24319
513.42,514.12,513.35,513.5,176028
514.12,519.249,513.38,513.38,2740239
513.56,513.6,513.16,513.42,236337
514.16,519.249,513.39,513.58,2423640
514.67,515.01,514.08,514.16,4126323
514.67,514.79,514.245,514.68,1864522
514.54,515.0,514.34,514.65,1564246
513.5,514.61,513.5,514.55,999267
513.69,513.96,513.455,513.48,1304996
514.26,514.37,513.41,513.705,1017093
514.76,515.07,514.21,514.26,835560
514.35,514.84,514.18,514.76,846691
514.06,514.48,513.83,514.33,1549287
513.239,514.09,513.17,514.07,819415
512.57,513.27,512.445,513.23,556589
512.63,513.22,512.49,512.56,607514
513.53,513.55,512.565,512.635,811972
513.92,514.18,513.34,513.55,563779
513.91,514.112,513.67,513.95,378479
513.855,514.11,513.63,513.9,498327
513.31,513.94,513.16,513.88,443853
513.19,513.54,513.0,513.32,408695
513.21,513.78,513.11,513.2,740666
513.73,514.26,513.08,513.22,979955
514.36,514.68,513.45,513.728,764200
514.05,514.46,513.73,514.37,532979
514.35,514.36,513.57,514.07,685008
513.78,514.55,513.21,514.365,1142791
513.21,514.9,513.1,513.76,1669091
513.11,513.305,512.62,513.23,427829
512.59,513.17,512.47,513.119,540481
512.57,513.23,512.29,512.58,795823
513.3,513.47,512.4,512.59,808788
513.88,514.25,512.72,513.3,1820126
514.88,515.14,513.82,513.86,1329748
513.54,515.02,513.39,514.89,1480229
512.74,513.6,512.45,513.55,834552
512.17,512.834,512.09,512.749,1055231
512.84,512.88,512.13,512.16,1256435
514.168,514.46,512.58,512.83,1233816
513.94,514.38,513.895,514.168,1012562
513.65,513.98,513.47,513.95,387234
513.36,513.71,513.32,513.66,273778
513.57,513.71,513.36,513.36,313705
513.415,513.83,513.415,513.57,618972
513.4,513.45,513.24,513.41,255158
513.26,513.575,513.25,513.395,351498
513.1,513.28,512.99,513.27,880234
513.02,513.315,513.02,513.105,310233
513.42,513.49,512.98,513.01,733342
513.65,513.81,513.26,513.43,501119
513.34,513.715,513.095,513.64,486090
513.36,513.42,513.11,513.35,533400
513.26,513.45,513.15,513.37,378147
513.15,513.52,513.02,513.26,508171
513.51,513.55,513.0,513.13,625569
514.01,514.089,513.405,513.5,463325
514.49,514.53,513.66,514.005,602438
513.88,514.49,513.86,514.485,575420
513.61,514.14,513.61,513.88,495014
513.875,514.0,513.48,513.62,570678
514.065,514.075,513.54,513.87,1046811
513.92,514.33,513.81,514.065,671342
514.47,514.53,513.875,513.911,659536
514.42,514.525,513.97,514.46,939270
515.11,515.29,514.37,514.41,686493
515.268,515.5,514.82,515.09,687057
515.96,516.03,515.25,515.26,1138508
515.3,516.16,515.18,515.955,1216814
514.66,515.57,514.56,515.28,1070394
514.69,515.13,514.56,514.67,810208
514.86,515.01,514.51,514.69,811625
514.17,515.045,513.73,514.865,1057655
514.44,514.49,513.95,514.15,943810
513.57,514.87,513.475,514.46,1358914
514.0,514.22,513.41,513.56,1363058
514.12,514.48,513.67,513.985,1523645
512.78,514.3,512.72,514.125,1460952
514.06,514.1,512.67,512.76,1879676
513.47,514.16,513.06,514.051,1088097
513.365,513.91,512.98,513.5,1812132
513.48,513.66,512.76,513.39,2267342
512.97,513.68,512.83,513.48,132788
512.7,513.31,512.3,512.98,146640
511.73,513.13,511.73,512.75,184136
511.905,512.09,511.55,511.719,144963
512.18,512.36,511.68,511.91,184258
512.75,512.8,511.7,512.19,218985
513.04,513.07,512.36,512.74,139162
512.93,513.6,512.56,513.05,294277
511.96,519.32,511.93,512.96,369118
512.4,512.65,511.265,511.96,748289
514.15,514.28,512.1,512.5,859024
520.53,520.53,513.83,514.19,1181127
520.19,521.85,520.02,520.9,73642
520.21,520.25,520.09,520.185,48939
520.64,520.64,520.17,520.2,50566
520.47,520.7,520.44,520.67,38589
520.34,520.51,520.34,520.45,10357
519.883,520.38,519.32,520.33,42075
520.01,520.2,519.99,520.2,14510
520.15,520.17,519.97,520.0,14386
520.15,520.16,520.09,520.14,11920
520.06,520.14,520.0,520.14,12387
520.09,520.12,520.01,520.07,4774
519.98,520.14,519.96,520.14,4883
519.979,520.03,519.91,519.96,5358
519.99,520.03,519.9,519.97,8095
520.05,520.07,519.98,520.02,1231
520.0,520.11,520.0,520.06,11163
519.86,520.03,519.85,519.981,2474
519.87,519.96,519.81,519.82,33176
519.82,519.91,519.8,519.87,2194
519.68,519.85,519.68,519.85,460
519.55,519.65,519.55,519.65,260
519.54,519.68,519.54,519.61,1015
519.56,519.58,519.52,519.56,2441
519.56,519.58,519.41,519.58,532
519.5,519.53,519.49,519.52,2569
519.6,519.6,519.51,519.53,50
519.59,519.6,519.5,519.51,326
519.56,519.65,519.56,519.6,1232
519.46,519.55,519.45,519.52,526
519.48,519.53,519.26,519.44,454
519.62,519.65,519.48,519.48,713
519.65,519.65,519.55,519.58,295
519.64,519.68,519.6,519.68,311
519.68,519.7,519.62,519.65,395
519.8,519.8,519.57,519.63,646
519.86,519.87,519.81,519.81,360
520.01,520.02,519.88,519.92,135
519.99,520.0,519.93,519.99,214
519.98,520.05,519.84,519.95,391
519.99,520.03,519.98,519.98,731
519.85,520.06,519.83,520.0,188
520.37,520.4,519.9,519.9,810
520.28,520.33,520.2,520.24,680
519.98,520.2,519.98,520.2,387
519.95,520.0,519.91,520.0,311
519.96,520.0,519.94,519.96,122
519.92,519.96,519.9,519.96,28
519.91,520.05,519.9,519.92,435
519.8,519.98,519.8,519.98,449
519.97,519.97,519.78,519.78,994
519.86,520.0,519.85,520.0,315
519.78,519.86,519.78,519.86,522
519.89,519.99,519.74,519.75,5308
519.93,520.04,519.6,519.89,1432
519.32,519.32,519.32,519.32,886652
519.57,519.6,519.52,519.52,12484
519.55,519.6,519.53,519.59,17512
519.6,519.6,519.53,519.55,2036
519.625,519.625,519.56,519.585,2396
519.58,519.65,519.56,519.63,1464
519.59,519.59,519.55,519.575,2138
519.6,519.6,519.57,519.6,6531
519.59,519.61,519.55,519.6,624
519.63,519.63,519.56,519.61,244
519.6,519.64,519.55,519.615,456
519.62,519.66,519.6,519.615,250
519.61,519.69,519.6,519.63,9725
519.59,519.62,519.59,519.61,2883
519.59,519.61,519.53,519.609,2820
519.535,519.61,519.5,519.59,265
519.65,519.66,519.535,519.535,632
519.68,519.8,519.63,519.665,720
519.32,519.71,519.32,519.71,890246
519.65,519.71,519.6,519.63,3486
519.75,519.78,519.66,519.66,423
519.68,519.76,519.65,519.76,476
519.73,519.78,519.65,519.67,5002
519.67,519.78,519.67,519.76,3750
519.72,519.84,519.655,519.7,18246
519.67,519.75,519.65,519.75,5312
519.685,519.72,519.65,519.66,255
519.72,519.73,519.65,519.65,2282
519.66,519.73,519.62,519.71,2756
519.675,519.7,519.65,519.66,314
519.675,519.73,519.651,519.675,1075
519.7,519.73,519.63,519.65,2088
519.91,519.91,519.7,519.7,15164
519.85,519.92,519.85,519.895,18832
519.855,519.88,519.85,519.865,6843
519.8,519.9,519.32,519.855,11025
519.795,519.82,519.76,519.785,1566
519.84,519.905,519.32,519.79,8699
519.32,519.89,519.32,519.855,54970
519.92,519.92,519.77,519.805,25844
520.01,520.01,519.91,519.93,21387
519.92,520.079,519.91,520.02,15788
519.92,520.02,519.9,519.92,75632
519.94,519.988,519.9,519.915,43016
520.0,520.145,518.492,519.95,303617
520.0,520.03,519.32,520.0,130600
519.32,520.09,518.492,519.99,1333323
520.13,520.2,519.231,520.0,3936391
519.29,520.45,518.492,520.12,4197096
518.2,519.44,518.195,519.29,6295674
517.95,518.21,517.68,518.21,1128208
518.03,518.14,517.71,517.95,1256523
517.8,518.11,517.45,518.03,1661607
518.47,518.6,517.78,517.795,1318877
518.51,519.02,518.26,518.45,1779546
517.37,518.61,517.37,518.55,2454803
516.75,517.46,516.695,517.39,933637
516.065,516.75,516.03,516.75,437853
515.9,516.21,515.71,516.07,679814
516.32,516.46,515.77,515.915,516382
516.5,516.52,516.035,516.34,425538
516.6,516.72,516.46,516.51,291665
516.41,516.815,516.26,516.606,384188
516.48,516.7,516.295,516.4,574731
516.47,516.72,516.345,516.479,291628
516.585,516.91,516.4,516.48,426365
516.658,516.7,516.375,516.58,378271
516.76,517.02,516.53,516.65,1050501
517.08,517.29,516.68,516.75,357959
516.84,517.17,516.76,517.08,367194
516.991,517.06,516.73,516.84,363240
516.63,517.05,516.56,516.98,323482
516.67,516.735,516.23,516.63,406593
517.0,517.01,516.66,516.67,273878
516.85,517.15,516.815,516.99,368687
516.99,517.08,516.72,516.856,402251
517.48,517.64,516.87,516.99,390581
517.12,517.48,517.08,517.48,191918
517.17,517.39,517.05,517.105,237896
517.225,517.32,516.98,517.16,383017
517.24,517.64,517.12,517.23,360047
517.32,517.36,517.0,517.23,596010
517.4,517.48,517.155,517.3,294148
517.19,517.46,517.09,517.39,396867
516.8,517.19,516.6,517.19,481583
516.63,517.01,516.59,516.79,414627
517.41,517.5,516.575,516.64,528658
517.48,517.61,517.25,517.425,287638
517.68,517.695,517.46,517.47,233917
517.745,517.75,517.46,517.67,248605
517.26,517.78,517.26,517.745,338212
517.415,517.56,517.23,517.26,258512
517.3,517.52,517.23,517.41,304654
517.405,517.495,517.26,517.3,290790
517.11,517.64,517.005,517.405,502016
517.08,517.26,516.78,517.12,335039
516.825,517.33,516.76,517.1,768583
516.93,517.03,516.825,516.825,349021
516.98,517.045,516.58,516.925,781350
516.69,517.125,516.62,516.98,593115
515.89,516.92,515.845,516.715,810992
515.87,516.19,515.67,515.88,474432
515.96,516.195,515.78,515.87,406374
516.22,516.42,515.84,515.95,370467
516.46,516.5,515.96,516.22,536455
515.62,516.55,515.62,516.475,893639
515.93,515.97,515.55,515.6,697179
515.46,516.15,515.36,515.94,792630
515.52,515.65,515.19,515.43,846816
514.465,515.57,514.44,515.515,1126323
514.64,515.075,514.35,514.47,1249945
514.88,515.365,514.44,514.62,1773252
515.79,516.09,514.46,514.84,1689971
516.7,516.8,515.68,515.78,1182347
517.59,517.63,516.35,516.69,1867849
518.98,519.04,517.41,517.59,1028513
519.005,519.12,518.895,518.98,389429
519.048,519.28,518.85,519.015,609914
518.85,519.1,518.66,519.04,539021
518.91,518.98,518.66,518.85,601076
518.89,519.18,518.75,518.915,860758
518.97,519.14,518.8,518.88,562136
519.12,519.2,518.77,518.96,810018
519.82,520.0,519.04,519.12,877451
520.36,520.45,519.72,519.835,504284
520.1,520.54,519.84,520.36,1272831
520.5,520.75,520.04,520.06,1586985
520.44,520.6,520.27,520.52,43772
520.37,520.57,520.34,520.47,24281
520.03,520.6,520.0,520.34,53106
519.81,520.04,519.805,520.04,4470
519.98,519.998,519.76,519.82,11242
519.93,520.05,519.93,519.98,7948
519.98,520.05,519.9,519.95,9893
519.99,520.06,519.9,519.94,12698
520.14,520.16,518.72,519.97,7683
519.915,520.12,519.915,520.11,22749
519.92,520.06,519.88,519.915,7031
519.78,519.96,519.68,519.94,2939
519.78,519.8,519.65,519.71,10020
520.05,520.05,519.675,519.81,27899
520.0,520.1,519.98,520.06,20716
519.48,520.11,519.48,519.98,37763
519.58,519.62,519.48,519.49,1808
518.258,519.639,518.0,519.62,57481
519.12,519.5,519.11,519.5,9533
519.07,519.17,519.0,519.12,1675
519.15,519.16,519.0,519.07,905
519.07,519.2,519.06,519.18,7998
518.95,519.1,518.89,519.09,3081
519.1,519.14,518.97,518.97,6222
519.04,519.1,519.02,519.1,4429
519.01,519.24,518.99,519.13,4166
519.15,519.3,518.92,519.04,19183
518.77,519.16,518.71,519.12,23552
518.67,518.77,518.55,518.73,3982
518.39,518.649,518.32,518.649,10253
518.29,518.42,518.28,518.37,848
518.24,518.38,518.24,518.31,667
518.05,518.28,518.04,518.2,1070
518.06,518.2,518.01,518.12,3604
518.43,518.43,518.03,518.03,4820
518.81,518.81,518.3,518.45,3266
519.04,519.04,518.81,518.81,958
519.2,519.2,519.05,519.12,1752
519.13,519.2,519.13,519.2,809
519.08,519.16,519.08,519.1,2909
519.06,519.18,519.03,519.06,535
519.03,519.1,518.99,519.1,2563
519.25,519.25,519.01,519.03,499
519.16,519.24,519.14,519.14,4150
519.03,519.16,518.99,519.16,271
518.87,519.04,518.87,519.04,3271
519.0,519.0,518.87,518.88,302
519.04,519.04,518.95,519.0,535
519.05,519.05,518.95,518.95,369
518.99,519.05,518.99,519.05,2091
518.78,518.99,518.78,518.99,223
518.67,518.76,518.65,518.76,737
518.72,518.9,518.58,518.58,2025
518.7,518.7,518.58,518.58,137
518.72,518.75,518.69,518.7,283
518.55,518.68,518.55,518.67,359
518.59,518.59,518.35,518.51,158
518.57,518.63,518.53,518.53,348
518.51,518.6,518.51,518.57,467
518.7,518.7,518.5,518.5,941
518.67,518.71,518.63,518.68,257
518.56,518.72,518.56,518.67,696
518.42,518.6,518.42,518.6,389
518.44,518.45,518.29,518.45,2018
518.51,518.51,518.33,518.45,1503
518.32,519.08,518.19,518.53,4663
518.72,518.72,518.72,518.72,979829
518.89,518.89,518.77,518.81,3625
518.97,518.97,518.87,518.9,2013
518.92,518.99,518.9,518.97,252
518.9,518.94,518.84,518.91,1367
518.905,518.92,518.89,518.91,862
518.88,518.98,518.88,518.96,677
518.9,518.93,518.88,518.885,1131
518.99,518.99,518.9,518.9,705
518.975,518.99,518.92,518.98,3758
519.02,519.02,518.975,518.99,107
519.01,519.04,518.97,519.0,1102
519.04,519.08,519.01,519.01,2024
519.02,519.07,519.015,519.045,1717
519.01,519.05,518.97,519.035,449
519.01,519.02,518.96,518.96,1010
518.99,519.045,518.95,518.95,5694
519.03,519.03,518.95,518.99,613
518.72,519.03,518.72,519.01,979898
518.98,519.04,518.98,519.02,643
487.593,519.03,487.593,519.019,460
519.0,519.06,518.88,519.03,3261
519.01,519.02,518.96,519.0,345
519.065,519.09,518.96,519.0,2097
518.96,519.2,518.96,519.055,12441
518.895,518.98,518.87,518.965,1389
518.9,518.93,518.86,518.895,1199
518.83,518.93,518.83,518.9,727
518.855,518.88,518.83,518.85,355
518.86,518.88,518.83,518.855,541
518.89,518.97,518.83,518.89,1586
518.925,518.99,518.72,518.915,8668
518.98,518.98,518.9,518.92,1920
518.94,518.98,518.9,518.94,681
518.945,518.98,518.9,518.98,852
518.865,519.0,518.84,518.9,12082
518.99,518.99,518.85,518.865,8911
518.94,518.97,518.91,518.95,1551
518.91,518.94,518.881,518.925,473
518.95,518.98,518.9,518.91,11231
518.86,518.96,518.86,518.95,68457
518.89,518.89,518.85,518.865,14522
518.88,518.9,518.845,518.89,61741
518.93,518.94,518.86,518.875,10114
518.91,519.0,518.9,518.915,9790
519.0,519.03,518.611,518.925,288494
518.72,519.05,518.72,519.01,1150465
518.85,519.05,518.363,518.417,2153410
518.66,518.97,518.419,518.95,3594399
518.56,518.71,518.23,518.67,5983262
518.86,518.89,518.36,518.55,1974246
518.61,518.93,518.57,518.87,689671
519.09,519.13,518.48,518.62,827428
519.62,519.64,519.02,519.085,562403
519.25,519.7,519.2,519.62,617776
518.93,519.28,518.9,519.255,286634
519.16,519.24,518.855,518.93,498834
519.12,519.17,518.96,519.16,244835
519.13,519.25,519.02,519.12,368773
519.13,519.16,518.74,519.13,432657
519.26,519.38,519.075,519.13,356248
519.01,519.26,519.01,519.255,274418
519.03,519.09,518.83,519.01,279062
518.89,519.065,518.67,519.04,361487
518.89,518.969,518.78,518.885,226781
519.0,519.05,518.78,518.88,316560
519.17,519.2,519.0,519.005,254540
519.01,519.41,518.98,519.18,313099
519.27,519.397,518.94,518.99,320316
519.3,519.48,519.25,519.27,200337
519.405,519.45,519.18,519.271,238014
519.045,519.41,519.01,519.41,1217823
519.31,519.46,518.96,519.05,574699
519.01,519.4,518.99,519.31,326514
518.79,519.03,518.73,519.02,251710
518.905,518.91,518.65,518.795,278278
518.94,519.04,518.69,518.905,334848
519.12,519.13,518.84,518.97,276169
519.28,519.285,519.055,519.115,197981
519.1,519.28,518.92,519.275,211579
518.981,519.16,518.894,519.09,268547
519.06,519.13,518.79,518.995,534535
519.125,519.22,518.97,519.05,371767
519.21,519.27,519.076,519.14,199210
519.43,519.46,519.18,519.2,283014
519.07,519.44,519.005,519.44,378491
518.97,519.1,518.92,519.06,192203
519.1,519.19,518.86,518.97,242369
518.71,519.21,518.69,519.1,608592
518.86,518.96,518.65,518.72,268851
518.56,518.875,518.46,518.86,397882
518.06,518.68,518.06,518.56,644141
518.37,518.468,517.89,518.06,570139
518.24,518.585,518.11,518.362,358149
518.5,518.58,518.041,518.25,361600
518.45,518.78,518.36,518.5,446455
518.73,518.74,518.285,518.455,452027
518.7,518.78,518.28,518.73,410090
518.79,518.905,518.57,518.701,365778
519.04,519.04,518.44,518.8,582391
519.073,519.16,518.815,519.04,344126
519.33,519.35,518.55,519.09,889100
519.5,519.51,519.185,519.34,396643
519.86,519.88,519.385,519.525,328121
519.61,519.91,519.45,519.865,295909
519.775,519.82,519.56,519.62,273989
519.79,520.01,519.65,519.77,315129
519.772,519.88,519.59,519.76,297193
519.99,520.13,519.33,519.78,855859
520.12,520.18,519.82,519.99,481629
519.95,520.169,519.92,520.11,435554
519.74,519.95,519.705,519.95,407282
519.83,519.88,519.545,519.725,442326
519.8,519.94,519.75,519.83,487839
519.53,520.12,519.49,519.8,874737
519.17,519.58,519.08,519.537,826997
518.69,519.18,518.68,519.16,459904
518.75,518.98,518.52,518.67,496057
518.645,518.93,518.455,518.77,444635
518.46,518.86,518.2,518.635,526137
518.84,518.9,518.28,518.46,497648
518.78,519.07,518.71,518.83,396288
518.72,518.92,518.44,518.77,560564
518.7,519.075,518.67,518.73,736877
518.28,518.89,517.98,518.68,784182
518.97,518.97,518.23,518.27,896759
519.15,519.39,518.91,518.965,1242217
519.79,519.81,519.08,519.15,54091
519.66,519.83,519.6,519.81,21537
519.72,519.81,519.59,519.67,8260
519.685,519.73,519.59,519.7,17898
519.79,519.81,519.63,519.685,25492
519.81,519.95,519.7,519.82,64768
519.76,519.91,519.66,519.8,16100
519.6,519.9,515.665,519.765,42360
519.3,519.7,518.43,519.59,25979
519.27,519.38,519.26,519.27,56917
519.23,519.41,519.15,519.295,26182
519.17,519.23,518.98,519.2,13992
518.951,519.19,518.95,519.16,8774
519.22,519.22,518.94,518.95,21799
518.84,519.24,518.43,519.215,39786
518.49,518.84,518.465,518.84,9926
518.675,519.1,517.77,518.5,9518
518.189,519.16,517.46,518.69,52569
518.71,518.75,518.58,518.67,5113
518.5,518.75,518.5,518.72,5499
518.29,518.43,518.15,518.43,25140
518.49,518.49,518.19,518.29,5280
518.47,518.57,518.45,518.52,10247
518.49,518.51,518.38,518.49,7652
518.76,518.76,518.5,518.56,910
518.76,518.81,518.71,518.77,1090
518.56,518.79,518.54,518.79,4907
518.749,518.79,518.59,518.6,5733
518.9,518.9,518.71,518.76,4572
518.65,518.94,518.63,518.83,15164
518.44,518.68,518.44,518.68,2173
518.32,518.47,518.32,518.4,239
518.26,518.42,518.26,518.4,5308
518.14,518.27,518.09,518.27,100
518.27,518.27,518.04,518.15,7688
518.33,518.36,518.24,518.3,1430
518.19,518.3,518.11,518.3,152
518.03,518.29,518.01,518.13,1283
517.96,518.16,517.91,518.16,23
518.07,518.07,517.85,517.91,1228
518.19,518.19,518.11,518.11,26
518.22,518.22,518.05,518.05,110
518.21,518.21,518.2,518.2,21
518.3,518.3,518.2,518.2,2554
518.35,518.35,518.25,518.3,279
518.1,518.35,518.1,518.23,1519
518.3,518.31,518.11,518.14,782
518.31,518.35,518.24,518.24,568
518.47,518.48,518.3,518.3,2082
518.15,518.4,518.11,518.39,1219
517.87,518.09,517.85,518.07,2649
517.88,518.04,517.87,517.99,1142
518.12,518.12,517.72,517.78,535
517.69,518.1,517.64,518.01,841
517.77,517.77,517.54,517.68,771
518.02,518.05,517.79,517.79,3228
518.12,518.12,518.08,518.09,139
518.19,518.25,518.09,518.15,1571
518.0,518.25,518.0,518.22,2313
517.61,517.98,517.47,517.98,2812
517.25,517.66,517.03,517.66,3759
518.09,518.09,517.08,517.25,11618
518.93,518.93,518.1,518.11,7610
518.98,518.98,518.77,518.88,3703
518.9,519.04,518.85,519.01,2424
518.83,519.07,517.5,518.92,5362
518.43,518.43,518.43,518.43,1037671
518.42,518.7,518.42,518.67,4695
518.38,518.5,518.36,518.42,1589
518.375,518.4,518.35,518.375,853
518.43,518.43,518.35,518.35,673
518.48,518.49,518.43,518.43,3678
518.46,518.5,518.43,518.49,2105
518.37,518.48,518.34,518.445,12380
518.37,518.39,518.26,518.37,76
518.39,518.39,518.25,518.39,580
518.3,518.43,518.25,518.39,9365
518.325,518.35,518.3,518.325,820
518.38,518.39,518.3,518.35,12106
518.425,518.43,518.38,518.38,5493
518.465,518.5,518.41,518.42,4853
518.459,518.48,518.43,518.455,457
518.48,518.48,518.445,518.445,370
518.422,518.48,518.42,518.455,644
518.43,518.5,518.42,518.48,1040081
518.44,518.48,518.44,518.46,455
518.44,518.46,518.42,518.45,437
518.45,518.46,518.36,518.42,76
518.41,518.46,518.35,518.36,642
518.425,518.45,518.4,518.41,654
518.38,518.44,518.35,518.44,654
518.39,518.41,518.34,518.38,3289
518.465,518.5,518.36,518.405,9279
518.475,518.5,518.45,518.465,1465
518.5,518.5,518.45,518.499,4144
518.475,518.5,518.47,518.485,1139
518.5,518.5,518.45,518.475,1960
518.42,518.5,518.31,518.5,8116
518.43,518.5,518.3,518.42,15322
518.69,518.85,518.39,518.43,30959
518.825,518.87,518.68,518.69,8315
518.745,518.85,518.7,518.825,8869
518.785,518.85,518.73,518.745,629
518.685,518.87,518.68,518.87,27898
518.69,518.76,518.43,518.71,8452
518.56,518.71,518.45,518.675,22235
518.56,518.56,518.46,518.54,24553
518.68,518.68,518.52,518.55,6912
518.63,518.79,512.916,518.67,362059
518.44,518.7,518.43,518.61,41844
518.33,518.44,518.3,518.44,73363
518.31,518.6,518.26,518.32,684027
518.43,518.62,517.978,518.3,4520777
518.31,518.47,518.2,518.26,167335
518.4,518.45,512.916,518.3,3123249
519.16,519.295,518.39,518.4,3827919
518.47,519.2,518.42,519.18,1471373
518.18,518.72,518.12,518.46,1145978
518.43,518.585,518.14,518.185,624455
518.95,518.955,518.17,518.44,715151
518.15,519.04,518.02,518.97,1058619
518.08,518.29,517.96,518.15,625552
518.29,518.325,517.825,518.085,591807
518.3,518.38,517.91,518.286,458291
517.94,518.355,517.845,518.31,623050
518.07,518.39,517.68,517.95,751534
517.88,518.12,517.71,518.08,741611
517.585,517.9,517.24,517.865,646777
517.52,517.84,517.31,517.59,527996
518.2,518.23,517.39,517.51,602587
518.49,518.69,517.75,518.2,622142
518.14,518.71,517.985,518.48,552032
517.8,518.39,517.2,518.1,662422
518.32,518.73,517.77,517.79,624241
518.62,519.28,518.3,518.32,757414
518.55,518.81,518.43,518.62,427994
518.81,519.04,518.31,518.559,964809
517.69,518.92,517.63,518.84,979695
517.8,517.885,516.97,517.68,1063911
518.245,518.31,517.43,517.81,925910
518.62,518.85,518.21,518.23,613554
518.925,518.94,518.43,518.63,620196
519.05,519.281,518.56,518.92,588720
519.53,519.54,519.03,519.04,414485
519.26,519.595,519.251,519.53,652683
519.28,519.34,519.03,519.26,394297
518.86,519.4,518.86,519.28,429004
518.82,519.055,518.79,518.86,547881
519.16,519.4,518.71,518.82,733960
519.85,519.85,519.04,519.16,818987
520.33,520.43,519.765,519.86,678347
519.77,520.44,519.71,520.34,801525
519.445,519.93,519.441,519.77,509375
519.61,519.78,519.37,519.43,507303
519.85,519.85,519.46,519.6,455067
519.52,519.857,519.37,519.85,643305
519.61,519.69,519.08,519.52,1010001
519.99,520.0,519.58,519.615,588838
519.83,520.01,519.475,519.995,769282
519.675,520.01,519.675,519.83,849014
519.62,519.836,519.54,519.67,715646
519.49,519.7,519.195,519.62,929095
519.43,519.729,519.35,519.48,610784
519.09,519.72,519.07,519.43,1199578
518.8,519.13,518.77,519.085,501053
518.86,519.195,518.76,518.8,721800
518.12,518.96,518.1,518.85,1026867
517.62,518.19,517.57,518.12,663768
517.84,517.98,517.58,517.62,961544
517.29,517.87,517.141,517.85,524111
516.99,517.34,516.835,517.29,530400
517.17,517.19,516.43,517.01,959482
517.43,517.68,517.07,517.18,588767
517.45,517.58,517.03,517.44,727089
518.05,518.08,517.4,517.45,1817785
517.45,518.091,517.36,518.06,835544
517.005,517.55,516.97,517.45,1054989
516.2,517.03,516.16,517.03,786852
515.93,516.35,515.84,516.205,496310
515.98,516.37,515.74,515.92,682581
515.46,516.1,515.19,515.98,798581
515.97,515.97,514.89,515.44,1067559
515.82,516.035,515.58,515.99,626655
516.03,516.25,515.69,515.84,528658
515.67,516.43,515.37,516.04,869607
515.81,516.26,514.99,515.67,1365181
515.92,516.08,515.45,515.82,1016163
516.25,516.4,515.81,515.92,843142
515.48,516.26,515.4,516.24,1199335
515.38,515.925,515.01,515.5,1096075
514.211,515.52,514.06,515.375,975404
514.78,515.09,514.2,514.21,1074452
514.46,515.18,514.01,514.788,1975297
514.07,514.83,514.05,514.41,69449
514.02,514.24,513.91,514.065,39999
513.87,514.34,513.87,513.99,73695
514.15,514.15,513.86,513.88,67931
514.31,518.925,513.525,514.159,74921
514.48,514.94,514.12,514.33,80570
514.99,515.11,514.26,514.439,91642
514.7,515.18,514.53,515.01,88593
515.61,515.66,513.07,514.7,97151
514.37,515.749,514.31,515.55,212443
514.83,515.13,514.04,514.475,439028
514.85,514.91,512.5,514.74,1111821
514.71,515.21,514.66,515.16,52789
514.83,514.9,514.69,514.71,60057
514.72,514.84,514.71,514.84,48148
514.77,514.84,514.68,514.7,22549
513.79,515.07,513.65,514.795,39131
514.441,515.25,513.07,514.31,56526
514.9,514.9,514.7,514.78,13674
514.99,515.04,514.9,514.9,14323
515.1,515.1,514.93,514.98,8893
515.0,515.25,514.95,515.1,13545
514.64,515.03,514.64,515.0,40499
514.59,514.66,514.56,514.65,5618
514.6,514.6,514.42,514.6,9121
514.62,514.66,514.59,514.62,63479
514.5,514.62,514.5,514.62,18003
514.63,514.64,514.51,514.51,7146
514.66,514.69,514.581,514.621,24897
514.6,514.74,514.59,514.7,9689
514.61,514.65,514.56,514.57,2767
514.55,514.69,514.55,514.61,1927
514.5,514.56,514.48,514.48,1462
514.58,514.58,514.5,514.53,253
514.43,514.57,514.38,514.55,1807
514.36,514.39,514.24,514.35,3429
514.43,514.43,514.35,514.35,2977
514.47,514.47,514.38,514.39,636
514.45,514.46,514.41,514.46,180
514.45,514.55,514.45,514.46,1914
514.5,514.56,514.4,514.45,577
514.63,514.64,514.45,514.5,1633
514.74,514.75,514.5,514.63,7704
514.55,514.69,514.54,514.69,46
514.44,514.53,514.39,514.51,268
514.56,514.57,514.46,514.46,138
514.44,514.58,514.4,514.55,3423
514.43,514.56,514.43,514.48,71
514.45,514.48,514.4,514.44,461
514.52,514.62,514.48,514.48,308
514.61,514.61,514.31,514.53,723
514.49,514.6,514.49,514.6,31
514.43,514.54,514.43,514.48,343
514.53,514.59,514.49,514.52,262
514.34,514.5,514.24,514.5,497
514.55,514.57,514.35,514.35,585
514.53,514.57,514.5,514.55,497
514.68,514.75,514.48,514.57,601
514.69,514.71,514.66,514.69,790
514.6,514.74,514.6,514.71,1033
514.36,514.54,514.34,514.5,734
514.3,514.4,514.21,514.38,627
514.39,514.46,514.18,514.36,3694
514.43,514.43,514.28,514.33,669
514.62,514.62,514.43,514.44,2872
514.42,514.67,514.1,514.6,9153
513.07,513.07,513.07,513.07,1182796
513.46,513.46,513.36,513.39,6778
513.52,513.57,513.44,513.45,4941
513.46,513.55,513.42,513.52,2575
513.675,513.68,513.4,513.475,16973
513.695,513.73,513.625,513.68,2713
513.585,513.8,513.58,513.71,2354
513.529,513.6,513.39,513.57,1981
513.45,513.53,513.375,513.515,2497
513.535,513.57,513.33,513.445,2042
513.53,513.6,513.485,513.58,1922
513.695,513.71,513.51,513.525,2027
513.44,513.72,513.28,513.71,6056
513.39,513.54,513.39,513.415,1772
513.58,513.62,513.32,513.391,1807
513.81,513.85,513.535,513.6,2862
513.625,513.84,513.57,513.825,10062
513.78,513.79,513.49,513.62,8583
513.07,513.86,513.07,513.78,1192931
513.35,513.51,513.12,513.44,11638
513.83,513.87,513.15,513.3,23382
513.95,513.99,513.81,513.845,8037
513.89,514.05,513.88,513.95,12341
513.59,513.88,513.54,513.845,9227
513.34,522.16,513.32,513.61,65581
513.275,513.35,513.23,513.33,3513
513.29,513.32,513.25,513.25,13031
513.33,513.33,513.27,513.29,1332
513.27,513.34,513.22,513.3,2768
513.34,513.39,513.26,513.265,4812
513.2,513.4,513.07,513.33,34935
513.25,513.25,513.2,513.225,11542
513.25,513.3,513.2,513.245,20919
513.25,513.29,513.195,513.25,39988
513.145,513.3,513.1,513.25,13004
513.08,513.19,513.05,513.19,34656
513.07,513.15,513.0,513.08,197147
512.99,513.1,512.89,513.1,27980
513.09,513.11,512.93,512.975,26438
513.0,513.08,512.96,513.08,19098
512.98,513.06,512.93,513.0,24130
512.805,513.03,512.77,512.99,63832
512.66,512.84,512.58,512.82,126788
512.9,512.9,512.56,512.69,91145
513.01,513.24,512.89,512.9,67324
513.45,513.48,512.84,513.01,172907
513.07,521.011,512.907,513.465,3061897
513.52,513.65,512.916,513.46,2408236
513.03,519.806,513.02,513.53,3341041
514.16,514.16,512.83,513.03,7313085
513.97,514.38,513.29,514.16,4799462
513.35,514.03,513.27,513.98,2712445
513.24,513.5,512.755,513.348,2315879
513.98,514.01,513.19,513.225,2360357
513.71,514.22,513.55,513.98,2134463
514.75,515.01,513.66,513.69,2203964
514.73,515.37,514.67,514.76,1596557
515.46,515.49,514.52,514.74,2183171
515.8,515.8,515.06,515.465,1295947
515.09,516.06,515.09,515.805,1914441
515.89,515.89,514.85,515.08,2785115
516.56,516.61,515.5,515.891,2114104
517.16,517.23,516.41,516.56,1410471
516.195,517.22,516.19,517.165,1936738
517.65,517.65,516.09,516.2,1574544
516.53,518.0,516.52,517.64,2614339
518.0,518.0,516.37,516.51,4314842
519.58,519.68,517.84,518.01,2518784
519.06,519.64,518.77,519.57,2226928
519.815,519.85,518.82,519.07,2170683
520.565,520.59,519.76,519.815,2471318
521.54,521.555,520.53,520.56,1826049
521.865,521.865,521.465,521.549,1023649
522.34,522.4,521.71,521.86,731497
522.46,522.55,522.31,522.34,601944
522.65,522.69,522.235,522.465,611708
522.98,522.985,522.5,522.655,586068
522.992,523.1,522.96,522.98,493136
523.17,523.19,522.955,523.0,310190
523.24,523.291,523.155,523.17,254562
523.28,523.32,523.19,523.24,189249
523.37,523.38,523.245,523.29,205819
523.421,523.47,523.32,523.36,243321
523.23,523.421,523.22,523.421,217069
523.44,523.44,523.2,523.24,267334
523.61,523.62,523.28,523.44,355431
523.485,523.62,523.475,523.62,436679
523.48,523.57,523.445,523.49,171095
523.51,523.58,523.41,523.485,224635
523.46,523.55,523.415,523.52,203067
523.52,523.54,523.41,523.455,224101
523.49,523.54,523.445,523.51,230905
523.49,523.6,523.41,523.49,344175
523.58,523.65,523.48,523.48,1277927
523.78,523.85,523.515,523.58,552151
523.425,523.867,523.42,523.775,977404
523.27,523.43,523.18,523.43,875969
523.22,523.31,523.15,523.26,324054
523.03,523.289,523.025,523.22,614501
523.06,523.13,522.94,523.02,277321
522.88,523.09,522.88,523.06,658438
522.805,522.905,522.77,522.872,294010
522.77,522.86,522.68,522.8,360909
522.63,522.76,522.52,522.75,266825
522.421,522.67,522.4,522.621,1052854
522.45,522.55,522.42,522.42,316252
522.61,522.71,522.36,522.46,442840
522.7,522.79,522.535,522.61,249537
522.73,522.87,522.7,522.71,289823
522.715,522.86,522.685,522.73,480234
522.89,522.89,522.67,522.705,273730
522.905,522.965,522.815,522.885,228703
522.78,522.96,522.735,522.92,319100
522.66,522.82,522.61,522.785,588372
522.92,522.95,522.62,522.66,343773
522.64,523.0,522.58,522.92,476233
522.81,522.89,522.47,522.63,581000
522.905,523.04,522.74,522.8,337520
522.93,523.04,522.775,522.905,433904
522.89,522.99,522.745,522.92,383259
522.84,523.04,522.81,522.88,491244
522.81,522.87,522.58,522.84,849387
523.16,523.2,522.735,522.8,919019
523.14,523.26,522.98,523.16,704194
523.06,523.35,523.01,523.14,760145
523.53,523.64,522.94,523.06,1479736
523.52,523.7,523.22,523.53,2676603
523.35,523.61,523.22,523.52,150508
523.34,523.37,523.25,523.37,31912
523.32,523.36,523.13,523.33,50410
523.08,523.48,523.08,523.31,115902
522.97,523.13,522.94,523.07,43874
523.0,523.07,522.87,522.955,86005
522.87,523.1,522.86,522.98,83739
522.72,522.92,522.67,522.85,66375
522.2,522.8,519.41,522.71,96030
522.16,522.23,522.04,522.19,41095
521.87,522.16,521.83,522.125,55518
521.5,521.93,519.185,521.835,80807
521.26,521.5,521.24,521.41,54091
521.24,521.359,521.22,521.295,15839
521.42,521.44,519.41,521.25,6233
521.35,521.41,519.41,521.41,17673
520.95,521.46,520.95,521.35,67553
521.409,521.64,519.41,521.35,24655
521.4,521.44,521.35,521.39,4449
521.3,521.41,521.26,521.39,2046
521.29,521.39,521.26,521.31,1741
521.43,521.49,521.3,521.3,1681
521.37,521.45,521.35,521.44,4028
521.44,521.48,520.8,521.36,48574
521.41,521.46,521.39,521.42,7103
521.47,521.54,521.41,521.41,10049
521.54,521.55,521.47,521.5,4244
521.55,521.6,521.5,521.54,12049
521.55,521.6,521.48,521.56,11467
521.61,521.64,521.45,521.52,26765
521.45,521.63,521.45,521.62,12119
521.34,521.45,521.34,521.45,488
521.25,521.33,521.25,521.33,800
521.16,521.25,521.15,521.25,412
521.26,521.28,521.11,521.15,1534
521.34,521.34,521.25,521.27,632
521.33,521.4,521.33,521.37,952
521.31,521.44,521.27,521.44,208
521.41,521.45,521.35,521.36,576
521.32,521.41,521.32,521.41,177
521.16,521.18,521.15,521.16,453
521.32,521.36,521.16,521.16,2143
521.41,521.41,521.35,521.35,4048
521.27,521.42,521.25,521.41,1281
521.45,521.45,521.32,521.32,560
521.31,521.42,521.29,521.42,712
521.41,521.41,521.33,521.35,648
521.4,521.41,521.33,521.41,3024
521.41,521.44,521.41,521.42,540
521.34,521.42,521.34,521.42,691
521.28,521.35,521.26,521.35,268
521.12,521.25,521.11,521.24,859
521.15,521.18,521.05,521.05,1361
521.24,521.24,521.2,521.2,397
521.18,521.18,521.15,521.15,79
521.18,521.28,521.15,521.28,1090
521.2,521.21,521.15,521.18,2764
521.22,521.26,521.22,521.22,119
521.45,521.45,521.24,521.25,1675
521.34,521.54,521.34,521.44,24962
521.31,521.41,521.3,521.35,1554
521.38,521.38,521.26,521.31,1133
521.26,521.34,521.18,521.34,580
521.42,521.42,521.31,521.33,753
521.29,521.41,521.29,521.4,3980
521.12,521.26,520.61,521.18,24939
519.41,519.41,519.41,519.41,833829
520.57,520.7,520.51,520.61,24895
520.565,520.69,520.49,520.57,3317
520.65,520.65,520.43,520.555,3947
520.515,520.669,520.515,520.66,18634
520.67,520.67,520.43,520.515,3527
520.19,521.26,520.19,520.66,17185
519.95,520.2,519.94,520.2,11683
519.9,519.97,519.885,519.94,1682
519.87,519.91,519.85,519.87,425
519.79,519.87,519.78,519.86,1906
519.73,519.79,519.7,519.79,1629
519.73,519.76,519.701,519.715,1066
519.685,520.26,519.68,519.71,2882
519.68,519.69,519.641,519.68,2893
519.68,520.26,519.64,519.66,6575
519.709,519.71,519.64,519.675,838
519.665,519.73,519.64,519.7,3713
519.41,519.67,519.41,519.67,840613
519.66,519.67,519.63,519.665,903
519.61,519.67,519.61,519.65,499
519.71,519.71,519.6,519.61,2652
519.71,519.72,519.69,519.71,4358
519.64,519.75,519.64,519.7,4521
519.93,519.93,519.6,519.64,34913
519.918,519.94,519.85,519.94,2938
519.91,519.92,519.41,519.885,197938
519.86,519.91,519.84,519.91,7440
519.825,519.88,519.81,519.86,6647
519.83,519.84,519.79,519.8,5701
519.78,519.84,519.78,519.84,873
519.79,519.83,519.77,519.805,1744
519.755,519.83,519.75,519.79,943
519.84,519.85,519.73,519.77,13666
519.815,519.85,519.78,519.84,559
519.77,519.85,519.77,519.83,4454
519.8,519.84,519.75,519.77,1436
519.91,519.94,518.69,519.78,56943
519.94,519.96,519.9,519.91,13095
519.92,519.99,519.9,519.96,13745
519.93,519.97,519.46,519.925,72165
519.875,519.94,519.86,519.92,7298
519.875,519.92,519.87,519.88,16391
519.82,519.88,519.81,519.86,19340
519.81,519.85,519.41,519.79,99685
519.79,519.88,519.41,519.81,67232
519.41,519.89,519.246,519.79,3647934
519.8,519.9,519.255,519.74,435677
519.36,519.9,519.36,519.8,2749195
519.47,519.6,519.035,519.36,8239039
519.74,519.77,519.37,519.475,1890018
519.39,519.77,519.385,519.75,996993
519.288,519.48,519.13,519.38,905399
518.89,519.46,518.89,519.295,1069146
518.55,518.91,518.28,518.9,844909
518.3,518.65,518.16,518.53,708109
518.66,518.81,518.21,518.29,633390
518.73,519.0,517.77,518.66,1797256
519.85,519.875,518.57,518.73,1080553
519.88,520.03,519.77,519.845,1053794
519.95,519.97,519.72,519.88,359625
520.07,520.18,519.86,519.96,359548
520.06,520.178,519.85,520.07,417067
520.28,520.29,520.04,520.046,256462
520.3,520.425,520.175,520.285,251886
520.21,520.378,520.21,520.3,308789
520.19,520.235,519.96,520.21,682126
520.445,520.45,520.15,520.205,318129
520.45,520.51,520.34,520.44,520067
520.55,520.625,520.25,520.45,420881
520.7,520.79,520.53,520.55,320784
520.55,520.8,520.51,520.69,397554
520.56,520.6,520.445,520.545,254146
520.66,520.69,520.46,520.55,719043
520.66,520.8,520.62,520.67,250780
520.54,520.725,520.48,520.66,410611
520.41,520.645,520.41,520.525,222278
520.59,520.62,520.39,520.41,198531
520.63,520.7,520.42,520.599,280189
520.53,520.68,520.53,520.62,317274
520.5,520.66,520.37,520.52,311950
520.5,520.55,520.32,520.505,265698
520.49,520.61,520.45,520.49,276586
520.42,520.55,520.3,520.48,247287
520.32,520.585,520.3,520.43,291276
520.53,520.62,520.31,520.31,302833
520.3,520.709,520.25,520.54,463390
520.3,520.43,520.14,520.302,307934
519.51,520.435,519.51,520.305,641295
520.71,520.75,519.39,519.5,1109981
520.64,520.845,520.57,520.705,451357
520.55,520.65,520.345,520.645,453594
520.355,520.62,520.31,520.56,452827
520.11,520.37,519.882,520.36,641450
520.08,520.3,519.72,520.1,829802
519.93,520.1,519.87,520.08,529187
520.18,520.21,519.845,519.922,751950
520.29,520.34,520.1,520.19,452480
520.662,520.68,520.23,520.305,587553
520.75,520.76,520.56,520.665,303361
520.75,520.92,520.74,520.76,249856
520.75,520.9,520.73,520.755,320659
520.83,520.93,520.69,520.74,589348
520.892,520.91,520.805,520.81,213683
520.8,520.94,520.78,520.9,300349
520.868,520.91,520.64,520.8,417614
520.84,520.95,520.8,520.87,394837
520.76,520.88,520.725,520.84,322271
520.67,520.81,520.6,520.77,373114
520.66,520.81,520.54,520.68,428986
520.52,520.84,520.515,520.664,457262
520.485,520.615,520.385,520.525,416146
520.38,520.51,520.17,520.48,382764
520.45,520.62,520.28,520.39,543970
520.41,520.69,520.34,520.46,592615
520.37,520.63,520.32,520.4,647396
520.43,520.51,520.275,520.375,657611
520.23,520.505,520.049,520.43,816202
519.55,520.25,519.48,520.225,767323
519.98,520.31,518.259,519.54,1205043
518.45,520.155,518.42,519.97,2059282
518.56,518.61,518.21,518.39,508816
518.39,518.58,518.36,518.57,380493
518.31,518.64,518.24,518.38,548941
518.46,518.58,517.72,518.315,619455
518.21,518.52,518.16,518.468,803573
517.72,518.34,517.665,518.21,1272909
517.47,517.7,517.39,517.7,88082
517.67,517.74,517.41,517.45,29749
517.8,520.35,517.5,517.66,61101
517.999,518.0,517.73,517.785,20381
518.1,518.22,517.93,518.02,23311
517.98,518.19,517.935,518.1,21512
518.07,518.18,517.84,517.97,17225
517.84,518.09,517.56,518.08,61813
518.15,518.84,517.79,517.819,13476
518.21,518.24,518.0,518.14,6690
518.01,518.239,517.93,518.23,8634
517.82,518.04,517.72,517.995,30802
518.325,518.36,517.79,517.83,75889
518.719,518.719,518.29,518.32,12019
518.7,518.835,518.46,518.75,21017
519.02,519.03,518.74,518.8,5683
518.92,519.04,518.89,519.02,14320
518.07,519.0,517.67,519.0,75919
518.65,518.75,518.541,518.67,11305
518.25,518.71,518.23,518.62,32729
518.31,518.37,518.2,518.25,14670
518.45,518.46,518.29,518.29,1716
518.55,518.56,518.43,518.46,5289
518.48,518.67,518.46,518.55,11060
518.45,518.5,518.33,518.5,9837
518.37,518.5,518.32,518.45,14160
518.27,518.46,518.27,518.38,11161
518.06,518.24,518.06,518.24,5952
518.28,518.33,518.06,518.07,7784
517.96,518.28,517.92,518.28,8022
517.92,517.96,517.85,517.92,1002
517.92,517.92,517.83,517.91,1341
517.84,517.9,517.77,517.9,1924
517.7,517.84,517.67,517.82,6108
517.77,517.85,517.68,517.68,1728
517.88,517.95,517.7,517.77,2161
517.95,517.95,517.85,517.88,950
517.99,518.06,517.95,517.99,2682
517.9,517.97,517.88,517.94,1297
517.95,517.97,517.81,517.87,5018
517.8,517.95,517.8,517.95,115
517.83,517.86,517.74,517.86,1055
517.82,517.86,517.77,517.83,674
518.03,518.03,517.84,517.84,1350
518.22,518.24,518.03,518.03,1629
518.26,518.29,518.18,518.18,306
518.25,518.28,518.25,518.26,170
518.06,518.24,518.06,518.24,1770
518.23,518.23,518.05,518.05,720
518.38,518.38,518.25,518.25,220
518.33,518.4,518.33,518.4,934
518.3,518.4,518.23,518.38,549
518.17,518.25,518.17,518.25,681
518.27,518.27,518.13,518.13,2339
518.35,518.35,518.23,518.24,190
518.45,518.46,518.4,518.41,1063
518.11,518.48,518.11,518.47,2156
518.09,518.11,518.07,518.11,1165
518.08,518.13,517.97,518.13,750
518.03,518.19,518.02,518.03,933
518.13,518.13,518.04,518.04,91
518.17,518.19,518.03,518.1,616
518.06,518.1,517.9,518.1,80
517.94,518.0,517.89,518.0,1246
518.0,518.09,517.82,518.03,3259
517.82,518.38,517.74,518.1,2778
518.84,518.84,518.84,518.84,885781
518.75,518.78,518.72,518.75,10300
518.74,518.755,518.7,518.75,5426
518.85,518.85,518.735,518.755,3928
518.83,518.85,518.77,518.82,598
518.84,518.85,518.81,518.815,241
518.83,518.85,518.81,518.84,472
518.81,518.86,518.8,518.82,308
518.83,518.85,518.8,518.81,1948
518.79,518.84,518.78,518.83,401
518.77,518.81,518.76,518.79,854
518.755,518.77,518.73,518.77,2937
518.76,518.79,518.71,518.74,5316
518.77,518.77,518.73,518.76,2221
518.87,518.89,518.74,518.75,9548
518.91,518.94,518.86,518.87,16410
518.954,519.0,518.89,518.905,5329
518.925,518.98,518.925,518.96,1064
518.84,518.96,518.84,518.91,887210
518.91,518.97,518.9,518.949,4482
518.92,519.0,518.9,518.925,4181
518.92,518.93,518.89,518.92,4671
519.0,519.0,518.87,518.97,5131
518.96,519.0,518.92,519.0,7031
519.08,519.09,518.96,518.96,24974
519.08,519.15,519.08,519.12,4329
519.095,519.11,519.08,519.08,2636
519.12,519.13,519.09,519.09,8966
519.05,519.125,519.04,519.12,6524
519.015,519.05,519.0,519.045,978
519.0,519.03,518.84,519.005,9614
518.96,519.03,518.96,519.03,5711
519.005,519.02,518.961,518.98,3626
519.0,519.02,518.98,519.02,5327
518.97,519.01,518.97,519.0,19841
519.02,519.02,518.97,518.98,11297
519.05,519.1,518.98,519.01,6624
519.07,519.07,519.0,519.025,50288
519.09,519.1,518.84,519.065,31682
519.11,519.12,518.167,519.09,76467
519.09,519.12,519.07,519.095,25101
518.84,522.448,518.84,519.075,441060
519.03,519.09,519.01,519.03,73849
519.04,519.06,519.02,519.04,63450
519.01,519.05,518.84,519.04,23340
519.03,522.448,518.84,519.02,315937
518.84,519.06,518.658,519.01,3234457
518.97,524.15,517.664,518.95,3197164
518.85,522.448,518.652,518.975,3253712
518.82,518.92,518.62,518.85,9121172
518.98,518.98,518.54,518.81,3789169
518.71,518.97,518.53,518.97,1105110
518.76,518.85,518.57,518.71,1059999
518.66,518.86,518.62,518.75,1195682
518.44,518.74,518.28,518.65,854809
518.36,518.57,518.35,518.43,1016377
517.91,518.37,517.89,518.35,511742
517.98,518.13,517.87,517.91,552065
518.35,518.47,517.97,517.98,590703
518.16,518.59,518.143,518.35,1103511
517.79,518.18,517.73,518.17,656593
517.87,517.97,517.731,517.79,453287
517.785,518.02,517.77,517.87,378565
518.04,518.045,517.64,517.78,975307
517.882,518.14,517.875,518.04,411131
518.005,518.02,517.73,517.88,391148
517.91,518.1,517.89,518.01,319461
517.88,518.07,517.855,517.905,309450
518.02,518.12,517.82,517.88,537160
517.86,518.02,517.845,518.015,198521
517.96,518.015,517.8,517.86,315366
517.77,517.97,517.66,517.959,394046
517.76,517.85,517.67,517.76,333937
517.74,517.91,517.695,517.75,469361
517.87,517.94,517.66,517.745,408924
517.55,517.87,517.53,517.865,374280
517.566,517.625,517.35,517.56,763450
517.575,517.7,517.41,517.56,328607
517.67,517.73,517.551,517.58,338288
517.62,517.73,517.54,517.67,189648
517.52,517.7,517.48,517.617,312706
517.655,517.797,517.511,517.525,395722
517.909,517.935,517.625,517.659,361520
518.06,518.1,517.87,517.9,440374
517.98,518.12,517.94,518.06,525510
517.82,517.99,517.795,517.97,354101
517.9,517.9,517.69,517.818,491662
517.465,518.0,517.42,517.9,518311
517.57,517.66,517.43,517.46,352332
517.46,517.65,517.435,517.57,389166
517.44,517.47,517.305,517.47,496762
517.215,517.465,517.2,517.435,535125
517.02,517.365,516.9,517.22,454420
516.97,517.14,516.92,517.02,291662
517.16,517.235,516.916,516.97,318884
517.22,517.29,516.98,517.165,410549
517.125,517.279,516.98,517.23,402751
517.02,517.41,517.0,517.128,1012222
517.202,517.248,516.99,517.021,477773
517.42,517.46,517.2,517.2,245128
517.43,517.635,517.38,517.41,274035
517.645,517.865,517.405,517.425,513157
517.625,517.79,517.55,517.655,354159
517.599,517.69,517.49,517.62,353049
517.79,517.82,517.54,517.59,385129
517.65,517.803,517.51,517.79,508656
517.22,517.66,517.22,517.65,484579
516.98,517.34,516.92,517.23,505695
516.96,517.15,516.86,516.981,425038
517.07,517.09,516.761,516.965,955662
517.08,517.24,517.02,517.07,469300
517.41,517.55,517.005,517.08,598601
517.33,517.63,517.22,517.41,569424
517.07,517.48,517.05,517.33,591386
517.17,517.42,516.94,517.07,745361
517.32,517.59,517.03,517.17,856990
516.82,517.565,516.8,517.33,1233444
516.62,516.92,516.52,516.83,1279699
517.18,517.251,516.48,516.6,1608476
517.98,517.99,517.11,517.19,1175435
517.61,518.01,516.96,517.99,1852281
517.375,517.62,517.05,517.6,815534
517.23,517.42,516.85,517.37,1519971
517.47,517.5,517.2,517.239,1256997
517.51,517.56,517.135,517.47,1416216
517.925,517.97,517.46,517.529,1900296
518.24,518.46,517.89,517.95,2686867
518.01,518.28,517.9,518.25,92762
517.93,518.19,517.93,518.01,64193
518.2,518.235,517.89,517.98,109274
518.5,518.5,518.08,518.2,105438
518.64,518.69,518.41,518.52,179210
518.9,518.99,518.6,518.64,166923
519.06,519.07,518.8,518.9,88512
519.12,519.2,518.95,519.025,42883
519.295,522.16,518.92,519.12,101622
519.69,519.71,519.15,519.29,98319
519.975,520.02,519.66,519.681,53405
520.26,520.31,519.94,519.96,17017
520.06,520.29,520.05,520.29,11908
520.08,522.16,520.03,520.05,19557
520.2,522.16,520.035,520.1,12055
520.36,520.4,520.2,520.2,14772
521.7,522.0,520.25,520.355,11202
521.593,522.4,520.26,520.32,46011
520.33,520.42,520.24,520.25,17103
520.4,520.43,520.34,520.35,9557
520.66,520.66,520.35,520.39,13505
520.85,520.85,520.61,520.63,2465
520.7,520.85,520.68,520.85,15901
520.69,520.79,520.64,520.69,16073
520.71,520.8,520.64,520.8,17136
521.01,521.01,520.55,520.65,25804
521.06,521.11,520.99,521.02,7701
521.17,521.17,521.04,521.07,10184
521.2,521.2,521.03,521.17,9548
521.17,521.22,521.05,521.22,9291
521.06,521.3,521.06,521.12,6045
521.13,521.15,520.96,521.09,2151
520.98,521.05,520.94,521.04,1275
520.93,520.93,520.8,520.91,8374
521.4,521.4,520.8,520.85,2082
521.44,521.47,521.38,521.42,407
521.43,521.48,521.39,521.4,583
521.46,521.51,521.42,521.44,542
521.24,521.3,521.18,521.28,4255
521.28,521.36,521.21,521.24,3410
521.32,521.32,521.23,521.24,1005
521.53,521.53,521.26,521.28,2338
521.61,521.66,521.57,521.58,161
521.86,521.91,521.6,521.64,453
521.95,521.95,521.76,521.85,1037
521.99,521.99,521.92,521.92,227
521.9,521.9,521.89,521.89,60
521.95,521.95,521.8,521.83,181
522.05,522.05,521.99,522.0,612
521.91,522.07,521.9,522.07,967
521.95,521.96,521.86,521.91,1204
522.02,522.11,521.96,521.98,375
521.78,521.95,521.77,521.95,16
521.83,521.85,521.73,521.75,369
521.66,521.81,521.66,521.81,1906
521.68,521.68,521.55,521.65,3915
521.82,521.82,521.68,521.77,854
522.05,522.05,521.84,521.87,347
522.22,522.22,522.08,522.1,329
522.25,522.25,522.17,522.25,583
522.24,522.35,522.24,522.27,547
522.29,522.31,522.22,522.27,655
522.0,522.38,522.0,522.35,542
522.06,522.06,521.97,522.02,714
522.11,522.14,521.97,522.02,1516
521.64,522.17,521.18,522.17,2338
522.16,522.16,522.16,522.16,784827
521.605,521.71,521.605,521.67,3218
521.55,521.64,521.55,521.605,1436
521.43,521.59,521.4,521.56,1100
521.51,522.065,521.42,521.43,3758
521.755,521.77,521.445,521.46,1657
521.72,521.805,521.705,521.76,921
521.78,521.83,521.64,521.71,5727
521.8,521.85,521.775,521.79,1297
521.76,521.79,521.73,521.78,3003
521.68,521.74,521.68,521.74,1451
521.7,521.725,521.65,521.66,414
521.69,521.7,521.64,521.695,9438
521.69,521.74,521.65,521.705,2206
521.92,521.92,521.675,521.675,5193
521.85,521.89,521.82,521.88,212
521.85,521.88,521.8,521.82,4384
521.74,521.94,521.73,521.83,6792
522.16,522.16,521.67,521.73,790735
521.825,521.84,521.73,521.74,1780
521.83,521.9,521.81,521.84,2502
521.92,521.97,521.81,521.83,2746
521.85,521.97,521.84,521.94,2685
521.93,522.04,521.85,521.85,3940
522.19,522.19,521.89,521.93,20715
522.19,522.24,522.16,522.215,965
522.195,522.436,522.14,522.165,385503
522.18,522.255,522.02,522.21,2276
522.205,522.23,522.18,522.18,4026
522.195,522.26,522.15,522.26,3655
522.25,522.26,522.12,522.17,3071
522.18,522.27,522.05,522.27,8664
522.19,522.2,522.16,522.2,144
522.16,522.2,522.14,522.16,1803
522.21,522.21,522.15,522.165,4082
522.2,522.28,483.07,522.195,10186
522.16,522.27,522.06,522.2,6187
522.03,522.125,522.025,522.125,2656
522.0,522.16,521.99,522.03,85044
522.0,522.436,521.98,521.98,153259
522.05,522.07,521.96,522.0,6529
522.0,522.07,522.0,522.055,22469
521.96,522.05,521.895,522.01,138080
522.04,522.16,521.94,521.95,247073
522.17,522.175,458.4,522.03,31228
522.18,522.21,458.4,522.17,88174
522.16,523.49,522.14,522.18,6522453
522.3,522.31,522.13,522.15,231912
522.23,523.49,522.08,522.28,3369383
522.47,522.8,522.14,522.22,4319739
521.9,522.5,521.79,522.475,1210499
522.13,522.2,521.88,521.89,1121036
521.7,522.185,521.69,522.125,533462
522.12,522.15,521.61,521.691,533157
521.875,522.2,521.795,522.115,738835
521.975,522.04,521.73,521.87,945749
521.92,522.14,521.835,521.975,303302
522.05,522.195,521.835,521.925,406987
522.189,522.26,521.97,522.047,1064563
522.02,522.34,522.02,522.18,643213
521.86,522.03,521.68,522.024,450693
522.02,522.109,521.72,521.86,678514
522.01,522.15,521.93,522.02,272730
522.04,522.075,521.95,522.005,618677
522.07,522.145,521.93,522.049,287560
522.0,522.095,521.92,522.07,193420
521.87,522.02,521.855,521.995,176876
522.0,522.05,521.82,521.871,248658
521.85,522.03,521.74,522.0,317412
521.58,521.845,521.54,521.84,272677
521.72,521.74,521.47,521.58,277883
521.801,521.81,521.65,521.722,299278
521.73,521.816,521.66,521.806,175319
521.64,521.75,521.57,521.74,201553
521.705,521.79,521.39,521.61,322330
521.81,521.83,521.645,521.709,222776
521.505,521.87,521.48,521.809,296133
521.415,521.69,521.394,521.505,207969
521.62,521.665,521.38,521.405,210975
521.09,521.63,521.06,521.61,471730
521.48,522.115,521.075,521.09,330728
521.7,521.76,521.46,521.461,234672
521.69,521.8,521.56,521.7,262930
521.77,521.865,521.57,521.69,295401
521.91,521.91,521.713,521.765,256265
522.06,522.069,521.89,521.905,208644
522.11,522.21,522.05,522.062,185775
522.17,522.225,521.98,522.115,243497
522.095,522.22,522.091,522.17,202363
522.12,522.2,521.96,522.09,247293
522.0,522.17,522.0,522.115,277993
521.82,522.05,521.79,521.99,1067981
521.81,521.885,521.66,521.83,1013867
521.8,521.959,521.765,521.8,584160
521.71,521.85,521.6,521.805,630321
521.59,521.845,521.54,521.71,438179
521.1,521.6,520.97,521.595,648795
521.25,521.418,521.07,521.109,919844
521.9,521.915,521.14,521.254,1046042
521.86,521.915,521.52,521.895,442259
521.68,521.86,521.6,521.855,283471
521.8,522.065,521.66,521.68,394206
522.07,522.085,521.79,521.8,352986
521.825,522.11,521.81,522.08,1477768
521.6,522.03,521.36,521.815,1017911
521.94,521.94,521.45,521.605,693848
522.12,522.16,521.82,521.95,528879
522.29,522.42,522.025,522.145,1012822
522.31,522.357,522.09,522.28,417527
522.23,522.42,522.12,522.315,640242
522.49,522.5,522.13,522.225,875598
522.57,522.57,522.345,522.5,643796
522.33,522.645,522.23,522.565,635110
522.855,522.89,522.08,522.33,1240446
522.985,523.1,522.6,522.859,1779462
523.22,523.23,522.965,522.99,408338
522.96,523.269,522.83,523.205,1086648
523.88,523.91,522.9,522.96,771967
523.74,523.96,523.707,523.885,1283908
523.22,523.83,523.19,523.745,770736
524.09,524.18,523.13,523.22,3655332
524.04,524.23,524.015,524.095,315644
523.99,524.11,523.91,524.04,422627
524.21,524.38,523.855,524.0,629581
524.22,524.36,524.12,524.205,612602
524.01,524.272,523.75,524.2,950526
523.83,524.11,523.45,524.011,1427359
523.67,523.925,523.6,523.815,79807
523.6,523.7,523.45,523.68,23466
523.81,523.82,523.51,523.6,53763
524.04,524.07,523.78,523.81,13653
524.0,524.08,523.97,524.045,6498
524.18,524.18,523.93,523.96,17060
524.24,524.25,524.03,524.16,9623
524.2,524.27,523.255,524.23,6586
524.15,524.27,523.07,524.209,12582
523.92,524.21,523.92,524.135,12371
523.84,524.0,523.84,523.94,6927
524.06,524.06,523.68,523.8,10361
524.005,524.15,523.99,524.07,9470
524.18,524.18,523.895,524.0,25668
524.22,524.23,524.07,524.2,9451
524.27,524.325,524.14,524.24,14885
525.47,526.09,522.12,524.26,126828
525.44,525.64,523.07,524.86,24579
524.94,524.94,524.88,524.92,4966
524.98,524.98,524.85,524.91,12039
524.96,524.99,524.9,524.94,1228
524.97,524.99,524.91,524.99,2011
524.82,524.95,524.81,524.95,2676
524.85,524.85,524.73,524.8,12981
524.97,524.97,524.79,524.91,20676
525.03,525.06,524.96,524.96,13107
525.23,525.24,525.01,525.01,4349
525.25,525.27,525.23,525.23,712
525.22,525.25,525.17,525.241,3954
525.5,525.51,524.25,525.23,94852
525.51,525.54,525.47,525.53,127
525.45,525.47,525.4,525.46,1468
525.52,525.52,525.45,525.46,1472
525.47,525.54,525.47,525.49,2268
525.53,525.55,525.5,525.5,2119
525.54,525.55,525.47,525.48,3577
525.48,525.52,525.48,525.51,1299
525.44,525.51,525.44,525.49,860
525.39,525.5,525.38,525.46,50890
525.38,525.39,525.32,525.39,462
525.41,525.41,525.35,525.38,561
525.39,525.49,525.35,525.4,3509
525.33,525.36,525.32,525.36,203
525.3,525.31,525.3,525.31,261
525.3,525.31,525.25,525.31,107
525.25,525.31,525.21,525.29,499
525.26,525.26,525.21,525.21,378
525.32,525.34,525.22,525.28,1654
525.31,525.32,525.27,525.3,674
525.35,525.36,525.3,525.3,177
525.35,525.38,525.31,525.36,772
525.47,525.48,525.36,525.36,548
525.5,525.5,525.4,525.49,227
525.5,525.54,525.48,525.5,329
525.49,525.54,525.49,525.52,721
525.39,525.49,525.39,525.46,333
525.4,525.44,525.38,525.38,356
525.44,525.46,525.39,525.41,289
525.42,525.45,525.4,525.45,351
525.45,525.46,525.4,525.4,1156
525.4,525.45,525.4,525.4,744
525.33,525.4,525.33,525.4,1035
525.29,525.33,525.23,525.26,955
525.28,525.3,525.16,525.28,3401
525.36,525.4,525.27,525.29,7253
525.57,525.78,525.12,525.35,7712
523.07,523.07,523.07,523.07,2528101
523.05,523.05,522.95,522.95,5684
523.025,523.1,522.96,523.05,149
523.01,523.13,522.95,523.0,809
523.09,523.09,523.0,523.025,247
523.18,523.18,523.0,523.08,774
523.105,523.19,523.05,523.05,333
523.095,523.19,523.06,523.19,596
522.975,523.085,522.975,523.085,319
523.01,523.01,522.902,522.975,1038
523.15,523.177,523.01,523.01,383
523.165,523.25,523.01,523.01,637
523.3,523.3,523.01,523.165,6734
523.2,523.3,523.19,523.245,902
523.25,523.38,523.2,523.25,2403
523.375,523.375,523.23,523.25,8794
523.385,523.41,523.37,523.38,4052
523.41,523.44,523.37,523.37,877
523.07,523.45,523.07,523.43,2528933
523.35,523.45,523.31,523.38,658
523.35,523.57,523.3,523.4,17356
523.27,523.38,523.25,523.36,14337
523.24,523.27,523.2,523.27,10136
523.02,523.25,523.02,523.2,23620
522.865,523.08,522.855,523.02,9690
522.9,522.9,522.84,522.875,2177
522.85,522.9,522.82,522.875,1277
522.9,522.9,522.81,522.85,5277
522.935,522.988,522.86,522.89,4180
522.83,522.99,522.82,522.9,35714
522.89,522.9,522.8,522.84,26769
523.01,523.07,522.9,522.9,38680
522.99,523.01,522.95,523.01,8745
523.0,523.01,522.975,522.985,16067
523.0,523.07,522.99,523.0,119731
523.025,523.07,523.0,523.015,541334
523.05,523.05,522.99,523.05,278
523.005,523.03,522.96,523.02,35458
522.995,523.03,522.98,523.0,4096
523.02,523.03,522.96,522.97,4731
522.96,523.04,522.94,523.02,31785
523.16,523.16,522.94,522.94,18776
523.2,523.24,523.1,523.12,121415
523.24,523.26,523.07,523.2,136389
523.25,523.32,521.755,523.25,159844
523.24,523.496,522.907,523.27,5042441
523.07,523.491,523.07,523.24,15810135
523.13,523.495,523.04,523.28,475020
523.12,523.452,522.77,523.12,9104083
523.91,524.2,522.93,523.12,7389753
523.87,524.1,523.58,523.91,3091627
524.08,524.14,523.75,523.88,1284926
524.02,524.21,523.805,524.08,1768862
524.249,524.29,523.875,524.025,1990630
524.46,524.61,524.07,524.242,1777229
524.25,524.58,524.19,524.458,1611644
524.25,524.29,524.05,524.25,1289708
524.09,524.285,524.05,524.242,698283
524.03,524.22,523.9,524.09,718898
523.81,524.055,523.6,524.03,973687
524.14,524.36,523.78,523.8,1047094
523.58,524.285,523.54,524.13,1690199
523.4,523.58,523.32,523.58,761752
523.139,523.43,523.1,523.39,595656
523.42,523.42,523.02,523.14,739014
523.42,523.52,523.355,523.43,432050
523.525,523.57,523.365,523.41,337041
523.41,523.58,523.355,523.52,535815
523.378,523.54,523.37,523.41,468244
523.57,523.615,523.375,523.38,649143
523.525,523.645,523.49,523.551,525162
523.264,523.58,523.2,523.525,547261
523.39,523.41,523.09,523.27,437723
523.21,523.44,523.21,523.38,530382
523.41,523.48,523.2,523.22,785200
523.31,523.44,523.225,523.41,264878
523.3,523.35,523.175,523.3,344528
523.045,523.345,522.92,523.3,403409
523.125,523.13,522.99,523.04,279761
523.15,523.22,523.02,523.125,312978
523.18,523.265,523.035,523.15,305855
523.19,523.26,522.98,523.18,424724
523.38,523.42,523.08,523.18,372956
523.24,523.49,523.24,523.385,402126
523.35,523.35,523.06,523.244,405366
523.31,523.37,523.12,523.35,441174
523.205,523.31,523.13,523.31,373663
523.2,523.305,523.08,523.2,419186
523.21,523.335,523.14,523.195,778796
523.195,523.3,523.11,523.22,1008001
523.47,523.48,523.105,523.19,737362
523.2,523.47,523.16,523.47,448373
523.245,523.36,523.14,523.21,290653
523.35,523.415,523.245,523.245,893965
523.32,523.43,523.285,523.34,803376
523.485,523.49,523.19,523.325,806360
523.59,523.6,523.43,523.485,509143
523.58,523.62,523.48,523.59,264694
523.55,523.63,523.475,523.58,278714
523.31,523.57,523.25,523.55,1940386
523.348,523.46,523.3,523.3,537488
523.515,523.519,523.293,523.34,474791
523.58,523.73,523.46,523.52,964110
523.56,523.63,523.47,523.57,553246
523.56,523.58,523.44,523.56,790028
523.41,523.61,523.385,523.56,2312736
523.27,523.42,523.16,523.405,1086514
523.43,523.6,523.17,523.275,772440
523.42,523.525,523.27,523.43,317282
523.45,523.52,523.4,523.43,236839
523.36,523.55,523.345,523.445,523891
523.425,523.475,523.27,523.355,675847
523.35,523.48,523.17,523.42,554530
523.25,523.46,523.25,523.35,812591
523.15,523.3,523.04,523.25,1086156
523.06,523.325,523.04,523.15,344431
523.11,523.17,522.93,523.045,667024
523.15,523.3,523.0,523.115,877386
523.259,523.3,522.95,523.16,1549007
523.64,523.655,523.175,523.25,1403106
523.25,523.73,523.25,523.63,1515262
523.37,523.45,522.8,523.24,503232
523.35,523.51,523.325,523.365,870765
523.28,523.671,523.22,523.35,934290
522.935,523.336,522.88,523.25,496743
523.02,523.11,522.78,522.93,620639
523.21,523.27,522.84,523.01,999395
523.26,523.42,523.13,523.21,33256
523.23,523.34,523.18,523.34,10510
523.28,523.38,523.17,523.22,31509
523.09,523.29,523.08,523.28,16347
523.18,523.23,523.05,523.11,17122
523.11,523.23,523.03,523.17,27965
522.94,523.15,522.85,523.12,24538
522.86,523.04,522.82,522.925,15905
522.72,523.17,522.6,522.865,19399
522.84,522.84,522.63,522.7,33734
522.86,523.03,522.63,522.84,47741
523.0,523.5,522.8,522.85,119185
522.95,523.06,522.881,523.0,23974
522.94,523.03,522.91,522.96,16317
522.95,522.97,522.86,522.94,16631
522.98,523.01,520.56,522.95,35103
523.11,523.13,522.95,522.95,80986
522.85,523.17,522.54,522.68,85807
522.83,522.88,522.8,522.86,10738
522.7,522.82,522.671,522.78,15193
522.64,522.7,522.59,522.65,4714
522.67,522.68,522.61,522.62,6427
522.59,522.711,522.56,522.69,8673
522.97,522.97,522.6,522.6,14604
523.02,523.02,522.97,522.97,1622
522.9,523.02,522.9,523.02,2196
522.96,522.99,522.88,522.88,7670
523.04,523.05,522.9,522.95,3401
523.0,523.07,523.0,523.04,2304
522.86,522.99,522.83,522.96,3092
522.99,522.99,522.86,522.86,593
522.93,523.01,522.93,523.01,381
522.94,522.94,522.89,522.93,1875
522.92,522.97,522.91,522.91,233
523.06,523.07,522.89,522.89,924
523.0,523.15,523.0,523.08,1821
522.84,523.04,522.83,523.02,16785
522.79,522.85,522.72,522.85,5026
522.85,522.87,522.82,522.82,291
522.72,522.85,522.72,522.81,3604
522.68,522.76,522.68,522.71,123
522.68,522.74,522.68,522.74,1139
522.56,522.66,522.56,522.63,216
522.5,522.53,522.49,522.51,481
522.51,522.53,522.44,522.53,325
522.57,522.57,522.46,522.47,762
522.44,522.58,522.44,522.55,369
522.41,522.49,522.4,522.44,1975
522.5,522.55,522.42,522.43,2249
522.57,522.57,522.5,522.53,3279
522.73,522.73,522.56,522.56,758
522.89,522.89,522.76,522.76,664
522.8,522.95,522.75,522.89,1050
522.7,522.81,522.7,522.73,650
522.87,522.87,522.66,522.71,335
522.89,522.89,522.85,522.87,3137
522.9,522.96,522.83,522.89,1499
522.91,522.93,522.86,522.9,1773
522.84,522.96,522.84,522.96,954
522.85,522.91,522.74,522.82,2123
522.7,522.9,522.68,522.85,1006
522.68,522.72,522.63,522.71,347
522.73,522.73,522.63,522.68,1289
522.7,522.7,522.6,522.69,1770
522.79,522.79,522.65,522.74,1199
522.78,523.09,522.78,522.78,30679
